date,ticker,weight,momentum,volatility,notional_units,price
2018-03-29,AMZN,0.02928297288492945,0.7298585928465089,0.31051488417252915,404.64540735282685,72.36699676513672
2018-03-29,CAT,0.026714344960586004,0.7091298405960018,0.34037139772682345,215.39443928276927,124.02523040771484
2018-03-29,MA,0.03621195717629162,0.5793220859864836,0.2510993506737144,216.5328103048591,167.2354278564453
2018-03-29,BLK,0.029324062886831256,0.4731710396102795,0.3100797788042714,66.14036266625669,443.361083984375
2018-03-29,MSFT,0.02805486281717523,0.46225281191767875,0.32410776673,333.4086471536231,84.14557647705078
2018-03-29,INTU,0.03546575216701223,0.43060885610390986,0.2563825205446698,216.83329112105216,163.5623016357422
2018-03-29,UNH,0.033316454451698556,0.3994457789526642,0.2729221666361201,177.72774871189006,187.4578094482422
2018-03-29,BAC,0.032468820002817575,0.3922097286231254,0.28004710158244517,1308.995204222648,24.804384231567383
2018-03-29,V,0.035075379207011544,0.38809357564160973,0.259235940969486,310.0366875224511,113.13299560546875
2018-03-29,ABT,0.0378474863817097,0.3796010172842521,0.2402484234193528,731.733796472357,51.723026275634766
2018-03-29,CSCO,0.030680298735645407,0.37312055053554194,0.2963725683357463,911.5350702417524,33.6578369140625
2018-03-29,TMO,0.03651359444556721,0.35789095985644215,0.2490250294899426,180.6709356737211,202.09999084472656
2018-03-29,ACN,0.03290484972087074,0.3577124421652351,0.2763361331452561,243.27353037444027,135.25865173339844
2018-03-29,JPM,0.03551098150037439,0.3379111533457009,0.2560559733753153,403.6964885627517,87.96455383300781
2018-03-29,GOOGL,0.028582637545676127,0.2989282684030252,0.3181231584755097,555.7374565623281,51.431907653808594
2018-03-29,WMT,0.029177126468499,0.29577092035734465,0.31164134492161844,1113.8487125510483,26.194873809814453
2018-03-29,LIN,0.03291409099732547,0.28661034846569877,0.27625854635724384,258.1270432760125,127.5112075805664
2018-03-29,AXP,0.03241354634630755,0.26527139066990935,0.28052465584738473,388.02252989491245,83.53521728515625
2018-03-29,HD,0.03460398514248324,0.26048454292747514,0.262767392141432,236.01632630078467,146.61691284179688
2018-03-29,AAPL,0.033765168521864106,0.2554656072472201,0.2692952332728113,856.6355118104019,39.4160270690918
2018-03-29,MCD,0.04037330880733972,0.2545685627869503,0.2252180760556871,311.2434877080079,129.71615600585938
2018-03-29,BRK-B,0.03200402311264684,0.24377214420476512,0.28411424718656797,160.43725585576877,199.47999572753906
2018-03-29,RTX,0.03417011098314869,0.23038939128046998,0.2661038747598853,519.368093603287,65.79170227050781
2018-03-29,HON,0.04142682535465193,0.230165411540046,0.21949060435474874,374.5174101749787,110.61388397216797
2018-03-29,COST,0.03992094358081049,0.20025230681509654,0.2277701406326973,236.15190633279357,169.0477294921875
2018-03-29,NEE,0.044842409164384145,0.19737163256899626,0.20277231092242673,1339.4431241619561,33.478397369384766
2018-03-29,GILD,0.02826672806729571,0.19544560016738988,0.3216785088087874,505.7894253897635,55.886356353759766
2018-03-29,QCOM,0.025775080863165916,0.17680390964545412,0.3527747975598135,571.5394485531784,45.09764099121094
2018-03-29,GS,0.03050760446001498,0.16565276731367895,0.2980502433584625,144.88975726376256,210.55735778808594
2018-03-29,AMGN,0.03188459324586507,0.15932150841069292,0.28517845165769434,238.47297757205362,133.7031707763672
2018-06-29,AMZN,0.027335444440838522,0.669812401938443,0.2366771227177451,334.40449688255325,84.98999786376953
2018-06-29,MA,0.031004802738967316,0.5746417599856506,0.20866684406726627,171.563452089561,187.8961944580078
2018-06-29,INTU,0.029968059999749948,0.5299027772599594,0.21588565754748307,161.25459758122287,193.22366333007812
2018-06-29,TXN,0.02754114548753772,0.49058195809071625,0.2349094136769275,323.4246695781617,88.53656005859375
2018-06-29,MSFT,0.03508842603333306,0.4713048249998344,0.18438200483322983,399.5536415429865,91.30668640136719
2018-06-29,CAT,0.024653432055113753,0.471148812930811,0.2624248958118781,223.38546459384526,114.74565887451172
2018-06-29,CSCO,0.032276429530035414,0.4058586411742997,0.20044578761253534,985.8716313033335,34.03916549682617
2018-06-29,V,0.03411402121656943,0.3937941152855131,0.18964854062194444,282.6908590710599,125.46856689453125
2018-06-29,AAPL,0.03017562377332999,0.3208162220006767,0.2144006827188279,718.6808351933211,43.654998779296875
2018-06-29,UNH,0.03456064036132792,0.3172688404970927,0.18719775648913523,166.61112253046093,215.67091369628906
2018-06-29,ACN,0.031551265544901015,0.28982877375177685,0.2050527681452703,225.58055042965265,145.42160034179688
2018-06-29,ABT,0.03508046941050056,0.2881425144151868,0.18442382462909376,689.4820046064436,52.90007019042969
2018-06-29,BLK,0.032567814670201256,0.28300934344933637,0.19865239359729087,82.45888532768042,410.64349365234375
2018-06-29,COST,0.048356657109831114,0.2640596394512289,0.1337907689477801,267.38772747355307,188.03062438964844
2018-06-29,HD,0.03560386212778674,0.25355846791749737,0.18171271181895854,229.3771156244223,161.38412475585938
2018-06-29,CVX,0.03178605822160693,0.2399321731598134,0.2035381138914107,365.9472469590743,90.30919647216797
2018-06-29,BAC,0.03058948330010324,0.2147671730221703,0.2114999549026906,1358.5263447705738,23.410886764526367
2018-06-29,NEE,0.04487511604619651,0.2085175787001663,0.14417064307551344,1353.5055809355513,34.471431732177734
2018-06-29,LIN,0.03011406459026742,0.20658912780312133,0.2148389606814943,222.88459307309688,140.476318359375
2018-06-29,TMO,0.0331827876796753,0.20053862309663706,0.19497079030617928,170.0164197094395,202.92510986328125
2018-06-29,JPM,0.031729720865113144,0.19959451270887119,0.20389950374829346,393.80585359029817,83.77180480957031
2018-06-29,AXP,0.029252170901675086,0.19304813957987332,0.22116903255539117,345.25289108166237,88.09161376953125
2018-06-29,DHR,0.04075627607278698,0.18714877832081278,0.15874056616247756,502.1903737723822,84.38007354736328
2018-06-29,GOOGL,0.027861685794019896,0.17293310358726544,0.23220685159894613,517.3194428489556,55.9966926574707
2018-06-29,HON,0.04434130518963514,0.1402463637773108,0.1459062675489476,416.00537621294075,110.82131958007812
2018-06-29,BRK-B,0.04210148032649192,0.13130534747092115,0.15366857146819768,234.52177586724446,186.64999389648438
2018-06-29,WMT,0.036450344281448124,0.11318167902929854,0.17749281840833717,1493.4403885193708,25.37625503540039
2018-06-29,AVGO,0.02733428185772845,0.10456130732951441,0.23668718908154587,1442.3680230399866,19.703590393066406
2018-06-29,QCOM,0.0258866073782044,0.09645198026464663,0.24992360891275686,583.1650694802062,46.152732849121094
2018-06-29,UPS,0.03386052299502356,0.09114963514280294,0.19106835235295344,448.83040572025357,78.43775939941406
2018-09-28,AMZN,0.026243073162127487,1.0891886118123515,0.21097047689383708,300.6945838453415,100.1500015258789
2018-09-28,INTU,0.029341981827384758,0.5454946577219599,0.1886891516989042,156.2700202999047,215.46446228027344
2018-09-28,MSFT,0.03264006022611389,0.5437779902123974,0.16962326729239213,352.33114013260956,106.3069839477539
2018-09-28,MA,0.03139749436357382,0.539364874479509,0.17633616224475374,169.06533102114116,213.1092529296875
2018-09-28,AAPL,0.026671981300153014,0.47671907623767695,0.20757789224087866,572.9067600460207,53.423606872558594
2018-09-28,CSCO,0.03267273449126306,0.4696973691577282,0.16945363607855962,966.6853670067782,38.78485870361328
2018-09-28,COST,0.04119936542540196,0.41650973704596206,0.13438346933276527,223.15453427314154,211.85888671875
2018-09-28,V,0.03698832822754684,0.41524327501775904,0.14968272223913615,298.0846709879353,142.39244079589844
2018-09-28,UNH,0.040282314185451876,0.3858224997413422,0.13744279026981593,196.98955581482548,234.65676879882812
2018-09-28,QCOM,0.023150956395515915,0.3742618017982333,0.239148377526479,444.42770803378215,59.776390075683594
2018-09-28,TXN,0.02699880612384978,0.31853357957513584,0.2050651289829862,357.60633539341745,86.63656616210938
2018-09-28,GOOGL,0.029272686884823873,0.31077621759016183,0.18913582077237479,561.1682438531064,59.8592643737793
2018-09-28,TMO,0.0350276187279216,0.2887985007950711,0.15806137731425537,167.98322876905746,239.28009033203125
2018-09-28,ABT,0.03473256120136981,0.27541767491586366,0.15940412882524596,623.5823827088723,63.91530227661133
2018-09-28,LLY,0.03450308342132752,0.27193569003203866,0.16046431539366676,408.2689658776091,96.97804260253906
2018-09-28,HD,0.044102472634768915,0.2690919560167675,0.1255374887032772,293.8432996223273,172.23008728027344
2018-09-28,ACN,0.0508865231654171,0.2685367046629359,0.10880117791062907,385.9516868334469,151.2974853515625
2018-09-28,JPM,0.032793336414008556,0.24005091009169832,0.1688304474505626,412.5726994817493,91.21095275878906
2018-09-28,WMT,0.02550855145622973,0.2399222085896493,0.21704539631244954,1045.9732433660008,27.98511505126953
2018-09-28,BAC,0.029737482422726513,0.23843984859390366,0.18617963624058098,1388.085317257719,24.583850860595703
2018-09-28,DHR,0.036053095509609216,0.22479071681704021,0.1535655560754346,444.6162908944334,93.05057525634766
2018-09-28,AXP,0.03695273491631345,0.20136334942743894,0.1498268984071785,441.40252464283094,96.0668716430664
2018-09-28,NEE,0.040419720375785964,0.1916601595207832,0.13697555571143002,1332.2344502793137,34.815650939941406
2018-09-28,RTX,0.03420003548805866,0.17969361924962746,0.1618861963493293,530.972334203895,73.91226959228516
2018-09-28,HON,0.03450351536528919,0.16318083796521532,0.16046230656670044,307.7828743156001,128.6414031982422
2018-09-28,LIN,0.03006776150850905,0.15449927734066304,0.18413454751552036,240.4588752013893,143.49017333984375
2018-09-28,BRK-B,0.03547221835564824,0.15315755979648626,0.156080276814498,190.11363736184936,214.11000061035156
2018-09-28,ABBV,0.022169898579300927,0.13547537051857028,0.24973112260166566,374.41589668394664,67.94715881347656
2018-09-28,AMGN,0.03486085628688636,0.10853846942186429,0.15881748900862683,242.5315394145132,164.94216918945312
2018-09-28,BLK,0.03114875155762315,0.10488088607803392,0.17774431986244155,91.55795380135802,390.39697265625
2018-12-31,MRK,0.04148109972685741,0.3965211654502949,0.22421877654133981,730.3401593602392,58.26347732543945
2018-12-31,LLY,0.03088187904451098,0.39251410467366776,0.3011747250528276,301.4064206849368,105.10479736328125
2018-12-31,INTU,0.02216288864895206,0.3290161168562802,0.41965835670906776,121.62893914163351,186.92214965820312
2018-12-31,MSFT,0.023467460699922817,0.31875461868155397,0.3963292641361859,253.89270677693278,94.81721496582031
2018-12-31,TMO,0.031272157846978746,0.2970815839402656,0.29741604259789967,146.11954460607467,219.54364013671875
2018-12-31,ABT,0.03212003113410642,0.29071985042743465,0.2895651436797408,520.7165666764225,63.277000427246094
2018-12-31,UNH,0.031338663049416814,0.2741023671052525,0.2967848824845881,145.83823164346114,220.43492126464844
2018-12-31,CSCO,0.02615254566562068,0.2626916685982825,0.35563809157484305,771.4198953920544,34.77718734741211
2018-12-31,COST,0.027174136412123177,0.2472234787320855,0.34226815120409476,151.35017588734408,184.1807098388672
2018-12-31,V,0.024819077414616655,0.244617754173043,0.3747456553267264,203.03279992599587,125.39804077148438
2018-12-31,AMGN,0.030927244921129967,0.18310185589114236,0.30073294449809834,203.39397560703688,155.98199462890625
2018-12-31,SBUX,0.03172660934730963,0.182650477678171,0.29315585944055417,591.8984775791764,54.98544692993164
2018-12-31,NEE,0.048573080874660286,0.16236321815544708,0.19148139798555286,1371.3577177612644,36.334251403808594
2018-12-31,AXP,0.03122676489002667,0.14878411573620465,0.2978483830489854,371.1803108805515,86.3005142211914
2018-12-31,DHR,0.0337303372193499,0.1487722674173957,0.2757411338600466,391.2047071626935,88.44798278808594
2018-12-31,KO,0.051366828537274235,0.11605008109672821,0.1810670756828239,1389.622583199796,37.919029235839844
2018-12-31,MCD,0.04027338374082165,0.10587435492481534,0.23094263671015586,275.2860404816382,150.0739288330078
2018-12-31,BRK-B,0.03252579759048946,0.08989778843898222,0.2859527550237489,163.41280785456755,204.17999267578125
2018-12-31,ACN,0.03123935519581455,0.0753210798757018,0.29772834208791227,253.33782621439948,126.4949951171875
2018-12-31,AAPL,0.022648843810023897,0.07351215396142341,0.41065413794892786,620.2092996710833,37.460975646972656
2018-12-31,JNJ,0.03121680314971535,0.07009075943618681,0.2979434308419914,303.6774301940161,105.45015716552734
2018-12-31,JPM,0.03687802702662424,0.052803528875043915,0.2522055050187607,476.0862606871813,79.46087646484375
2018-12-31,MDLZ,0.0472940685397881,0.049065711746143936,0.19665978668171788,1447.2062890514487,33.52336120605469
2018-12-31,PG,0.034227751793911534,0.04581437135630906,0.2717339276720978,459.28685053175843,76.44792175292969
2018-12-31,GOOGL,0.02516910423761542,0.03394105365207323,0.3695340661526243,498.2462885309389,51.8197135925293
2018-12-31,LIN,0.032873356812206586,0.022311742783615918,0.28292947031474647,240.80482601170291,140.0393829345703
2018-12-31,PEP,0.042016979824584307,0.01776415819894206,0.22135911408138176,486.65411125129015,88.56777954101562
2018-12-31,WMT,0.03856946661327911,-0.001692811935019134,0.2411451919623664,1417.5985171316659,27.910120010375977
2018-12-31,HON,0.03901328843736826,-0.0030997313427539863,0.2384018831244333,373.4533414026769,107.16365814208984
2018-12-31,UPS,0.027632967794901136,-0.015096758086918904,0.33658496254830345,387.4486692201709,73.16184997558594
2019-03-29,LLY,0.03009185077754164,0.6777531081904213,0.20420441840563464,295.41783544183704,118.49566650390625
2019-03-29,MRK,0.03668874712413867,0.5076296915816103,0.16748701900300433,668.4564071521448,63.84840774536133
2019-03-29,INTU,0.025348026457639068,0.45839827996868365,0.24242080136085567,118.51789176049296,248.80007934570312
2019-03-29,ABT,0.027805889556781503,0.3343088547444788,0.22099235035184747,460.39036349336,70.25881958007812
2019-03-29,MA,0.029700937193454062,0.3268234822601124,0.2068920871672473,152.84505826827402,226.05235290527344
2019-03-29,DHR,0.025204713515262128,0.3222014117962524,0.24379919585501894,258.5936900823264,113.38461303710938
2019-03-29,PG,0.0398595768811478,0.29442292362918576,0.15416342489283558,531.6230454167508,87.22061920166016
2019-03-29,CSCO,0.03373564776835454,0.28080781585338266,0.1821482406080016,898.6913020984202,43.66855239868164
2019-03-29,V,0.03161174979037959,0.2745327992109523,0.1943862306744915,247.29421241225646,148.7047576904297
2019-03-29,MSFT,0.026628993216459416,0.2744259138396308,0.23075933952241467,280.163345566713,110.56908416748047
2019-03-29,TMO,0.027333791357945066,0.26329811353091115,0.22480924092482,118.32718694579934,268.7234802246094
2019-03-29,SBUX,0.03272134175049795,0.24134892821752074,0.1877945266924613,596.5905282489225,63.8035774230957
2019-03-29,LIN,0.028896530534178656,0.23766571682994142,0.21265144199608652,211.80154584108482,158.7109375
2019-03-29,COST,0.03636117302175264,0.2038593935540418,0.1689958924895225,192.68967323379732,219.51779174804688
2019-03-29,MCD,0.04451599480273504,0.1899709154131588,0.13803777527621366,320.6191979646855,161.5164794921875
2019-03-29,NEE,0.04052100053190178,0.18763628673197297,0.15164701774674158,1158.7334578557213,40.68055725097656
2019-03-29,AXP,0.0399176804242868,0.18610000619021716,0.15393902705424609,467.3390306996891,99.36273193359375
2019-03-29,MDLZ,0.03637559741541908,0.18284342909318618,0.16892887879203072,1006.8912012511549,42.02598190307617
2019-03-29,AMGN,0.027673865500887,0.14806445132822144,0.22204664131868676,209.86106352442127,153.40101623535156
2019-03-29,WMT,0.042683596698859266,0.14776075029254332,0.14396370882543877,1690.0661753446702,29.379714965820312
2019-03-29,HON,0.043467119407862645,0.14569882594211037,0.1413686706293563,390.1967993148004,129.5887908935547
2019-03-29,AMZN,0.02024018812019317,0.14559670583610163,0.30359840779574676,264.4428779849268,89.0374984741211
2019-03-29,XOM,0.03680821103599736,0.131390814802681,0.16694342685569566,730.4881091541952,58.616764068603516
2019-03-29,GOOGL,0.026128965397136855,0.12074458783685271,0.23517536164866198,520.8123923990792,58.36213684082031
2019-03-29,UNH,0.02349199550659539,0.11980017492626294,0.26157372987117483,124.43142489963137,219.62416076660156
2019-03-29,ACN,0.03246843848436277,0.11452447223688678,0.18925729642762143,239.2027047813999,157.90126037597656
2019-03-29,UPS,0.02831194662698588,0.10856635982319829,0.21704226020686115,389.50274920666027,84.5569839477539
2019-03-29,CVX,0.03689867360325237,0.10798834595976103,0.16653414030133062,473.7699037846605,90.60111999511719
2019-03-29,JNJ,0.045561375483482054,0.10143663102186018,0.13487057450679513,460.946963115648,114.9836654663086
2019-03-29,PEP,0.04294638201450975,0.09511756968999974,0.14308280694520295,504.43349791715326,99.04052734375
2019-06-28,SBUX,0.03580191834781864,0.5624829612054554,0.15554894779386322,608.048987482785,72.28231048583984
2019-06-28,PG,0.034816973459984586,0.40090240884767914,0.15994930559962175,461.7580120527819,92.56373596191406
2019-06-28,LLY,0.02637192190660583,0.39863822990139375,0.21116969585026882,318.2103654854193,101.74000549316406
2019-06-28,MRK,0.0297627486279089,0.3582866365262505,0.18711143912235714,563.8454215866278,64.80033874511719
2019-06-28,DHR,0.03758294808052632,0.3575039956643866,0.14817759149901702,375.42522305802726,122.894287109375
2019-06-28,MA,0.0267447140819751,0.3231267868086085,0.20822622036398034,129.0954520475587,254.32632446289062
2019-06-28,TMO,0.025537181180869877,0.320448882389089,0.21807225662700563,108.66119750915998,288.5112609863281
2019-06-28,MSFT,0.026056296261899155,0.3099414093171511,0.2137276407985965,253.7607799057993,126.05279541015625
2019-06-28,CSCO,0.021979025229529298,0.3021534280458291,0.2533756920449315,605.6906517140725,44.54734802246094
2019-06-28,MCD,0.047516005036601174,0.2895718706136663,0.11720157710470987,328.33975212436343,177.65635681152344
2019-06-28,ABT,0.029485507825959347,0.2870755975643007,0.18887077546285408,487.7153923147908,74.21752166748047
2019-06-28,MDLZ,0.04514457645448558,0.2795859574716497,0.12335813436237617,1215.5127443401311,45.59428024291992
2019-06-28,INTU,0.020081968172135273,0.2617850945729676,0.27731100260044184,98.93949529223354,249.17294311523438
2019-06-28,V,0.036979040416304745,0.25044970571115655,0.15059749158741126,274.3192558153615,165.48690795898438
2019-06-28,HON,0.03605534687429493,0.23109917186118256,0.1544556136825101,309.3978170394451,143.05950927734375
2019-06-28,AXP,0.0367174144100236,0.22195876664976333,0.15167055789431375,400.26032123057945,112.6143798828125
2019-06-28,PEP,0.04309645593914568,0.21698841760925025,0.1292206193443987,495.605419949118,106.75047302246094
2019-06-28,NEE,0.04356541303472706,0.20684483110339102,0.127829632271955,1232.8250559971657,43.38151168823242
2019-06-28,WMT,0.042683861155634155,0.20212266637504817,0.13046970394031254,1566.01023268504,33.460575103759766
2019-06-28,LIN,0.025694823537645583,0.1976061382384815,0.21673434417036977,173.3015001499735,182.0151824951172
2019-06-28,KO,0.04352390774520163,0.17248000902964877,0.12795153322644734,1288.8863997548426,41.45505905151367
2019-06-28,ACN,0.04424415336863641,0.1712952414249891,0.12586862453000824,324.99958875751577,167.12344360351562
2019-06-28,COST,0.03824355584139888,0.1618716880484392,0.14561801604171368,195.4414028999604,240.21824645996094
2019-06-28,JNJ,0.03636213115695666,0.11542486701212296,0.1531524844890607,386.99324778737713,115.3480453491211
2019-06-28,AMZN,0.024255228073097754,0.09383267425193798,0.22959795353075632,314.48831672935364,94.68150329589844
2019-06-28,BRK-B,0.040805707176976375,0.0802011872659627,0.13647480005314402,234.99527244259218,213.1699981689453
2019-06-28,JPM,0.02889158621157473,0.0665637832373791,0.19275337419078523,383.6684557494776,92.44418334960938
2019-06-28,RTX,0.023772545905529407,0.05595082012732,0.23425975283150793,416.77783108203903,70.02214050292969
2019-06-28,PM,0.02815258577071718,0.038907941607380536,0.19781311647037128,621.12678363655,55.64194869995117
2019-06-28,GOOGL,0.020074458715836033,0.004002080448221923,0.2774147391387368,458.9491921061827,53.696197509765625
2019-09-30,SBUX,0.027138505543941503,0.7365054958794026,0.25880861115439524,447.718595432756,76.52900695800781
2019-09-30,PG,0.038663766544630364,0.5072545883776252,0.18166049395435338,461.9163283585327,105.67837524414062
2019-09-30,NEE,0.04864500075980875,0.36889854642049125,0.14438644915052457,1237.8514116583378,49.61522674560547
2019-09-30,MCD,0.04414896977534408,0.3488292918176257,0.15909043776953266,301.8529721050987,184.65896606445312
2019-09-30,DHR,0.032522080332155374,0.3150763857628027,0.21596647129885088,330.22832556171,124.33954620361328
2019-09-30,MDLZ,0.03998063254524076,0.30487383368530474,0.17567703364086582,1073.1562216186926,47.03617477416992
2019-09-30,INTU,0.02956546921842369,0.29812689483788857,0.23756358733033595,146.95387862506075,254.00894165039062
2019-09-30,COST,0.03442846332062769,0.2801030973447489,0.20400791238408666,165.60390506120103,262.4776611328125
2019-09-30,MA,0.027847666829895593,0.2726829115804519,0.2522178598134172,134.49585562054418,261.41180419921875
2019-09-30,PEP,0.043339287169044005,0.2537028391017322,0.1620626315619276,486.89017600148793,112.3818130493164
2019-09-30,MRK,0.03311625476426075,0.2515226721952246,0.21209158398592068,638.4496435211411,65.48771667480469
2019-09-30,WMT,0.03735112952993909,0.2376822595843482,0.18804461918624096,1305.655446406168,36.11772918701172
2019-09-30,MSFT,0.033046443893383674,0.22620764485058986,0.21253962911390856,317.86338968177563,131.25912475585938
2019-09-30,KO,0.03825522428095402,0.22596395907362932,0.1836005162863522,1081.8446704311818,44.64482498168945
2019-09-30,V,0.0322550375377906,0.21553433676988187,0.21775448006855622,247.92706545818294,164.25511169433594
2019-09-30,ACN,0.0346256950856051,0.18916538874312883,0.2028458608922858,251.27294140071612,173.9794921875
2019-09-30,TXN,0.024834855390909617,0.18529648910654695,0.2828153745241559,291.9407587433491,107.4019546508789
2019-09-30,ABT,0.03278157247475473,0.18098590459853514,0.21425692541266375,558.4336201665881,74.11455535888672
2019-09-30,LIN,0.03861886716779533,0.17379349106874842,0.18187169753364682,276.373691031308,176.4201202392578
2019-09-30,TMO,0.031306304521788904,0.1721190980552123,0.2243534979909538,138.0434073190623,286.326416015625
2019-09-30,AXP,0.03409426058444788,0.1356910437455916,0.20600766252831454,397.66868786247494,108.24433135986328
2019-09-30,HD,0.03371851601574278,0.12163317666601992,0.2083033228791588,214.91793971490188,198.0802001953125
2019-09-30,QCOM,0.024322638135683028,0.1001694186242541,0.2887712627821043,466.3722463830275,65.8450698852539
2019-09-30,META,0.02817780862634676,0.09908806322941355,0.24926278057215875,201.34097024535703,176.6934051513672
2019-09-30,LLY,0.030578722579838333,0.07509909071004661,0.22969170508333542,373.8412478407714,103.27076721191406
2019-09-30,HON,0.03183712087035656,0.05389916065987732,0.2206128800790237,288.4728453574386,139.33946228027344
2019-09-30,UPS,0.025463715059898865,0.05016473218435169,0.27583087982689874,348.24583672509414,92.31687927246094
2019-09-30,AMGN,0.025547169632021964,0.021331418724554352,0.2749298270533094,203.22413695669977,158.71310424804688
2019-09-30,CVX,0.03835622347242351,-0.001510428782958928,0.18311706139899517,544.13833241521,88.99626922607422
2019-09-30,GOOGL,0.02543259833694657,-0.010866506301056011,0.27616835824556246,530.2434097778563,60.556495666503906
2019-12-31,AAPL,0.029784386522308356,0.7196999644609003,0.16724585938671635,560.0079258163378,70.78548431396484
2019-12-31,MA,0.026374991540774807,0.5576791295030912,0.1888650964125867,121.98218626742964,287.77008056640625
2019-12-31,META,0.024517221895720424,0.5381798524463408,0.20317617311686934,160.2258710302661,203.65184020996094
2019-12-31,MSFT,0.03802977175170116,0.5124380807606639,0.1309846231198263,338.8015549451559,149.39224243164062
2019-12-31,COST,0.04544959661287552,0.4862046348331013,0.1096008697867832,225.41042459743687,268.3525695800781
2019-12-31,ACN,0.03660325507986962,0.4445618419160682,0.13608940815127463,254.68607797122013,191.27764892578125
2019-12-31,RTX,0.03523500481013977,0.42457574619468974,0.1413740496722195,575.9313367565733,81.4241714477539
2019-12-31,DHR,0.02766615803279945,0.4208795197538111,0.18005085181411973,278.36402677426867,132.27734375
2019-12-31,V,0.033267508872173175,0.40741213951764443,0.14973514666727109,246.34923016074768,179.72926330566406
2019-12-31,TMO,0.02206245210920983,0.40574111280974745,0.2257824876206836,91.89048528773888,319.5456848144531
2019-12-31,JPM,0.0337298307120835,0.3918648469490824,0.14768278449868022,383.6494015920167,117.01171875
2019-12-31,HON,0.03211798826055514,0.37892142013241337,0.1550942506055793,291.80819279677286,146.4875030517578
2019-12-31,NEE,0.034755462076230585,0.3777175094169898,0.14332467539357896,892.227454170965,51.84384536743164
2019-12-31,BAC,0.03164361085985569,0.37552726034941286,0.15741930787516673,1393.2823392629766,30.227109909057617
2019-12-31,PG,0.031391988519327396,0.36523857550691186,0.15868110161809917,391.2057192116868,106.79805755615234
2019-12-31,GS,0.02891699731910397,0.3523693725679016,0.1722625369868086,194.0482317586135,198.3321990966797
2019-12-31,SBUX,0.036640922049419,0.3514616412187923,0.13594950786203205,637.6574098077092,76.47662353515625
2019-12-31,LIN,0.0339923181402646,0.34101386405038947,0.14654238347837542,232.34557480761106,194.71351623535156
2019-12-31,MDLZ,0.03932358425856404,0.332577411700661,0.12667500722914754,1111.7680955847372,47.07481384277344
2019-12-31,INTU,0.023507682772587822,0.32556993272724455,0.21190158844742776,124.80336905430157,250.6878204345703
2019-12-31,HD,0.027899796547122577,0.3099545082683042,0.17854306972512085,197.903439717611,187.62789916992188
2019-12-31,WMT,0.049165611487761045,0.29854360787759626,0.10131706226148754,1801.199802661553,36.328651428222656
2019-12-31,PM,0.036313154479893764,0.29802459945270066,0.13717660697827003,777.8586028259289,62.13167190551758
2019-12-31,BLK,0.031392861892320406,0.28941685409029017,0.15867668699068704,96.63545303765673,432.358642578125
2019-12-31,AXP,0.032618296319244545,0.2786560959073714,0.1527153739568751,379.59876795820674,114.36317443847656
2019-12-31,AVGO,0.021825900206720216,0.27834350240474937,0.228229547145819,1070.685922352481,27.130624771118164
2019-12-31,UPS,0.025488003167566678,0.27070088336477416,0.1954376452121712,373.208945991983,90.89363861083984
2019-12-31,PEP,0.053873717895298885,0.25712531127366267,0.0924628096006025,635.57031044686,112.81401824951172
2019-12-31,GOOGL,0.03674557012412736,0.2479806175205994,0.13556233590614045,736.295948753709,66.42052459716797
2019-12-31,AMGN,0.03966635568438058,0.24239946329818052,0.12558036235708653,265.24259131337874,199.03468322753906
2020-03-31,AAPL,0.030633405553420926,0.5829381951960513,0.6749041983852223,554.7689577764336,61.443058013916016
2020-03-31,MSFT,0.02913232616238482,0.47098064761132186,0.7096794778281621,216.38379038729255,149.8097686767578
2020-03-31,NEE,0.031052394851837438,0.44070904476785566,0.6657977304967061,667.2615605209496,51.78317642211914
2020-03-31,QCOM,0.027492124816121653,0.42842369328724295,0.7520195022073074,515.7295270976675,59.316566467285156
2020-03-31,MA,0.028290376539445414,0.28979466302987134,0.7308002419131555,135.0374096359959,233.11720275878906
2020-03-31,COST,0.044324598592893366,0.2776603607484003,0.46643657641957215,189.06026613300972,260.8760681152344
2020-03-31,V,0.03067555065516986,0.23048915771317047,0.6739769483276286,221.16275502967832,154.33700561523438
2020-03-31,KO,0.03935604954722853,0.2241570621528315,0.5253223902472925,1187.4376271359565,36.87995529174805
2020-03-31,WMT,0.04172368557554298,0.2021480936950073,0.495512650276507,1330.802654238932,34.88660430908203
2020-03-31,HD,0.02634227169324317,0.19840943822179935,0.784845523559915,181.50761415177638,161.49090576171875
2020-03-31,JPM,0.02557731032255505,0.19555272968044357,0.8083185353781824,374.20663109397356,76.0559310913086
2020-03-31,PG,0.03614198373982956,0.18373662338652297,0.5720387172898015,425.04553915791575,94.6163558959961
2020-03-31,GILD,0.038490045026314805,0.17713830503912908,0.5371418506968798,719.7238276464441,59.507572174072266
2020-03-31,META,0.03338963677277919,0.1644340750003852,0.6191925404739919,224.49162676371466,165.50123596191406
2020-03-31,ABBV,0.038106369865876524,0.1613922759546058,0.5425500799895049,715.8031950772869,59.23707962036133
2020-03-31,GOOGL,0.036980387689464767,0.15624956292164027,0.5590696937104015,714.131877608967,57.62125778198242
2020-03-31,PEP,0.031504123032666656,0.1518231698253194,0.6562510563269272,351.2380049748081,99.80575561523438
2020-03-31,DHR,0.041735892671922924,0.14715551603217358,0.4953677205699123,388.7705841875577,119.45545959472656
2020-03-31,AMGN,0.03595986766093262,0.13946689470471751,0.5749357648860928,237.37354096303423,168.56813049316406
2020-03-31,BLK,0.025759256454667645,0.13823438582364922,0.8026091147166895,75.17650333100279,381.2772521972656
2020-03-31,LIN,0.035660369180230626,0.1376425769558991,0.57976444142655,249.6141910057415,158.96673583984375
2020-03-31,MDLZ,0.0346636113541077,0.13594458048489622,0.5964356629676725,895.8022763047886,43.0577507019043
2020-03-31,SBUX,0.028317290720179994,0.13412976029127477,0.7301056525194848,548.4678943725277,57.45001983642578
2020-03-31,UNH,0.025511881079373633,0.12679235144910161,0.81039159576345,125.96172779430171,225.36868286132812
2020-03-31,TXN,0.030412588654270184,0.12530997771412133,0.6798044801075517,401.5544385088518,84.27497863769531
2020-03-31,TMO,0.03862695639648948,0.106264936002749,0.5352379775052619,153.96230581183482,279.1680908203125
2020-03-31,MCD,0.02985780783264921,0.10099243165515581,0.6924357653689995,230.69680933819407,144.01443481445312
2020-03-31,ACN,0.033349822005314604,0.09280361479036414,0.6199317650195036,249.26426133174172,148.87548828125
2020-03-31,GS,0.025981704570968215,0.088901136364675,0.7957373990751416,215.49195538743837,134.16099548339844
2020-03-31,AMZN,0.04495031098211836,0.07703712089582426,0.4599437371426755,513.0741605523407,97.48600006103516
2020-06-30,NVDA,0.02448952912416357,1.1247510370855989,0.47450321387358524,3463.4856416295547,9.464973449707031
2020-06-30,AAPL,0.0353613403167989,0.6159324934967978,0.32861764207919364,535.5607253904233,88.38373565673828
2020-06-30,LLY,0.028438641821437103,0.38118798857389535,0.4086116470902253,247.19876500335414,153.99794006347656
2020-06-30,MSFT,0.03493702313673838,0.36409056895844305,0.3326087695046597,241.24801707237813,193.8538818359375
2020-06-30,ABBV,0.03912348057043822,0.30926668363348964,0.29701754818937937,675.9926802146447,77.47254943847656
2020-06-30,GOOGL,0.03188086339744087,0.30442715259089104,0.36449327393683967,606.8699147293897,70.3212890625
2020-06-30,AMZN,0.033858313425508456,0.2855337476455204,0.34320552620650435,328.56729002067243,137.9409942626953
2020-06-30,NEE,0.03303779478679046,0.2804660884355903,0.3517292952104831,850.9459555203705,51.97104263305664
2020-06-30,UNH,0.02808732063402736,0.27716352953524237,0.4137226340339666,140.44809799663952,267.69903564453125
2020-06-30,AMGN,0.037413324648726175,0.2516072631483697,0.310594163570599,253.65132458555703,197.44290161132812
2020-06-30,META,0.027356826310715145,0.2016062678118069,0.4247700425365097,162.5373248116159,225.3019561767578
2020-06-30,HD,0.03362393174392053,0.19871899574794427,0.34559790223721926,206.4951431371604,217.96713256835938
2020-06-30,COST,0.047657968270975334,0.180060558040946,0.24382827672373553,229.43620452129284,278.05194091796875
2020-06-30,TMO,0.03333190611048544,0.16906959019538315,0.3486257352684335,125.012278819026,356.9109191894531
2020-06-30,BLK,0.027613944881755812,0.163774530982284,0.4208149297547054,77.87613172885945,474.6532287597656
2020-06-30,DHR,0.04010216592137964,0.15271042193939954,0.2897688942399798,351.373878859713,152.77444458007812
2020-06-30,WMT,0.04968486465546454,0.14116344633438715,0.2338812907360577,1800.4537511603583,36.939796447753906
2020-06-30,GILD,0.026585744315415244,0.1394195731588459,0.43708989817255306,575.9664181957063,61.78798294067383
2020-06-30,MA,0.02419454052380625,0.13582167585874716,0.4802885289031429,113.31780732742152,285.80615234375
2020-06-30,V,0.02807614774158199,0.12432807637727716,0.4138872748007421,202.76971887127522,185.34751892089844
2020-06-30,ABT,0.03198806722051517,0.11879619128230301,0.36327172240696676,522.1733045049444,82.00223541259766
2020-06-30,INTU,0.028754639501831696,0.1061342732245838,0.40412122972107345,135.22612586140494,284.6424560546875
2020-06-30,ACN,0.026535566293639998,0.10220309845165887,0.4379164230782416,180.59653564776613,196.68502807617188
2020-06-30,PG,0.0457473173716783,0.0884738513596306,0.2540118403283779,591.473814075179,103.53387451171875
2020-06-30,JNJ,0.04800772024647363,0.08577972530180622,0.24205190781830438,536.7381163593474,119.72945404052734
2020-06-30,QCOM,0.025820770996699053,0.05302359758271247,0.4500392446512126,428.8668730150384,80.59332275390625
2020-06-30,TXN,0.027688200067399086,0.03472418528318322,0.41968637352301347,343.4492649781382,107.91566467285156
2020-06-30,PEP,0.042297604002267494,0.029479871198526242,0.27472857032382814,511.1744449894624,110.76409149169922
2020-06-30,LIN,0.030220073058233467,0.024801732912145935,0.38452455933095137,206.57790412550665,195.82313537597656
2020-06-30,AVGO,0.028084368903692605,0.0009916032694101684,0.4137661172132839,1350.3601328167692,27.83988380432129
2020-09-30,META,0.019835742466889093,0.6677099507538771,0.3845499978887831,114.11596359627478,259.86077880859375
2020-09-30,MSFT,0.02186504696486365,0.6640949358260162,0.3488597456946836,162.76105667492365,200.83462524414062
2020-09-30,TMO,0.03426231766059076,0.49564351272153484,0.22263043613474934,117.71716477326555,435.1265869140625
2020-09-30,UPS,0.02025426167779385,0.46229428747031687,0.37660393872206993,227.87969596186375,132.87689208984375
2020-09-30,DHR,0.037590739638426504,0.46001115884303956,0.202917920667015,301.8117977049366,186.20156860351562
2020-09-30,UNH,0.03422763397483151,0.4569664141548122,0.22285603291695819,180.09299644448393,284.1310729980469
2020-09-30,BLK,0.032862387637263894,0.39917240483990124,0.23211444061706457,99.33425861481246,494.5824890136719
2020-09-30,ABBV,0.039088475825749515,0.3815081572905237,0.1951428026451677,835.2942890076305,69.9596939086914
2020-09-30,LLY,0.035251060605131015,0.3649778933877623,0.2163859637929409,377.7320914549436,139.51695251464844
2020-09-30,ABT,0.027263515518109526,0.3596139792243045,0.2797817735096536,415.96057917830893,97.98697662353516
2020-09-30,GOOGL,0.02716846187286671,0.3511858590034882,0.2807606392831022,558.8470417567999,72.67930603027344
2020-09-30,AMGN,0.030783830336347313,0.34729319661182156,0.24778705704982568,214.86586593234725,214.18739318847656
2020-09-30,LIN,0.034093716319016726,0.34273593151453774,0.2237313953219587,230.97519574023337,220.67222595214844
2020-09-30,MA,0.02782888738463476,0.3292202917177818,0.2740977250846264,127.11580294454762,327.29168701171875
2020-09-30,INTU,0.02471979017470956,0.3171006096383411,0.30857198503119043,117.68322351800265,314.02838134765625
2020-09-30,AVGO,0.027027629017969106,0.3109008176454249,0.2822235986254414,1245.9640065593053,32.4295654296875
2020-09-30,ACN,0.030841306426673595,0.28611996359816594,0.2473252792290145,221.91936259314173,207.766845703125
2020-09-30,HD,0.03619520454736659,0.2571693671898634,0.21074158356482103,222.76554587564257,242.90792846679688
2020-09-30,COST,0.04191351820044533,0.23516479186265915,0.1819898460273755,192.06529368818144,326.2450256347656
2020-09-30,NEE,0.028018672114670032,0.22878046313735045,0.2722411216544006,693.9079874092193,60.3648796081543
2020-09-30,V,0.03437428139188665,0.22399828885414563,0.22190528543136448,267.42635318996435,192.16226196289062
2020-09-30,JNJ,0.05017051703687229,0.21222723285918654,0.15203819243398767,587.8236063047207,127.59693145751953
2020-09-30,CAT,0.02704038425783276,0.20006789922744295,0.2820904707208478,300.59242421185274,134.48489379882812
2020-09-30,WMT,0.030875115027592322,0.1988513726741099,0.24705445524487404,1065.3850015571127,43.32521057128906
2020-09-30,PG,0.05994370688491682,0.14545192610394064,0.1272499670133677,739.9568539288279,121.10884857177734
2020-09-30,TXN,0.03247032013895465,0.13837989226069136,0.23491713944062817,397.25075856632566,122.19699096679688
2020-09-30,MDLZ,0.04280542143227844,0.0873429130742911,0.1781978653295701,1281.0780417670333,49.953033447265625
2020-09-30,GILD,0.03210574696630582,0.08524239085817897,0.2375847144054885,936.04022750478,51.27751159667969
2020-09-30,PM,0.035750812303375824,0.07482153769518574,0.21336115831539798,929.1453283194464,57.52292251586914
2020-09-30,BRK-B,0.04337149619563549,0.05481102125814763,0.1758720678981843,304.4989686931942,212.94000244140625
2020-12-31,NVDA,0.02352988721940521,1.2355280009858185,0.3735433458379097,2942.539662489396,13.017683029174805
2020-12-31,QCOM,0.021973757177865778,0.7416417960630279,0.3999968111042435,263.1963450005434,135.9128875732422
2020-12-31,AMZN,0.02692940747471005,0.6965558890818873,0.32638790167884774,269.2058855308805,162.84649658203125
2020-12-31,AAPL,0.0261835946073564,0.6484739952297665,0.3356847266744598,330.30767689381423,129.04666137695312
2020-12-31,UPS,0.027670241384386514,0.4859756755224196,0.3176492997305367,333.4037666150268,135.10723876953125
2020-12-31,DHR,0.03571583959278873,0.45541807242420207,0.24609341119618924,302.4384445119532,192.24720764160156
2020-12-31,TMO,0.027942879319970623,0.44625488760237575,0.314550003901836,99.05089915732216,459.2497253417969
2020-12-31,BLK,0.035381111990466146,0.43389135150264746,0.2484216098548205,90.49836387059159,636.453857421875
2020-12-31,COST,0.04374551611370581,0.3759960663613464,0.20092191337460288,200.03370994957527,356.0135498046875
2020-12-31,META,0.02298248158068495,0.3659547662346412,0.38244054578127673,138.0418563857186,271.0330810546875
2020-12-31,MSFT,0.0342555095991738,0.3603565315650492,0.25658449989420923,261.89063133270736,212.93479919433594
2020-12-31,INTU,0.02954322601745671,0.35081416208773675,0.2975109351271161,131.2939136029182,366.31060791015625
2020-12-31,GOOGL,0.03184327956899992,0.31174585524939546,0.27602159444914665,596.4388093510378,86.91366577148438
2020-12-31,AVGO,0.035120920839832974,0.3011435827020583,0.25026202585088864,1454.5670190638978,39.30685806274414
2020-12-31,WMT,0.05735133289849869,0.300007616970863,0.15325594637322504,2083.955687035356,44.801361083984375
2020-12-31,TXN,0.03657021452717709,0.2989172014343173,0.2403440316871382,420.82748933685514,141.46844482421875
2020-12-31,HD,0.04275144547066186,0.28193790428456134,0.2055938156560585,297.93013811888636,233.59983825683594
2020-12-31,NEE,0.04420890165347232,0.26861275682266195,0.19881590517720857,1067.3099887494357,67.43033599853516
2020-12-31,ABT,0.040446932268219916,0.2673997043302283,0.21730777357449557,665.7060137441778,98.9097900390625
2020-12-31,LIN,0.033307092625698025,0.244796014339006,0.2638907243541222,221.2197087869979,245.10325622558594
2020-12-31,ABBV,0.032103724285832975,0.22612618575826215,0.2737823412906637,602.4648212003872,86.74808502197266
2020-12-31,ACN,0.0344889698184257,0.21969866765484425,0.25484764680995337,232.88547327754182,241.0871124267578
2020-12-31,CAT,0.0262600896679527,0.18567345817329506,0.3347068844875935,258.89187616427296,165.12542724609375
2020-12-31,UNH,0.02985273325703397,0.18140766753818238,0.29442640053919705,151.518330964614,320.741455078125
2020-12-31,HON,0.03008496399594776,0.1671561235342427,0.29215367518170104,271.87934222223925,180.13970947265625
2020-12-31,PG,0.0540686793685836,0.1572175895951522,0.16256052305639185,721.9930602932452,121.91268920898438
2020-12-31,SBUX,0.03680222099231651,0.12879798378008633,0.23882886853378582,630.8127858723391,94.97509002685547
2020-12-31,LLY,0.021356730195568323,0.12305266384185187,0.4115533004649356,217.35184510079125,159.95860290527344
2020-12-31,MA,0.02406929865780132,0.12299989270695355,0.36517195303804456,113.29196196168421,345.8601379394531
2020-12-31,V,0.03345901783000577,0.1118669727952395,0.26269249276178697,258.7520801189585,210.50650024414062
2021-03-31,GS,0.03178721106597886,1.1875547846855938,0.28476903847323054,184.70714732837152,289.9905090332031
2021-03-31,AAPL,0.027387698727374715,0.9834026709871262,0.3305138420394814,387.9002626646645,118.97357940673828
2021-03-31,CAT,0.029585230016751587,0.9126811555790755,0.30596393963741536,235.7469589808995,211.46763610839844
2021-03-31,TXN,0.024686742862593418,0.7995482564418721,0.3666750847362895,253.82999284351945,163.88375854492188
2021-03-31,UPS,0.040764029207461715,0.7784978671916187,0.22205885205644715,500.48516101172913,137.24639892578125
2021-03-31,GOOGL,0.02832264763670653,0.7767375675990049,0.3196033664336134,466.6115033266551,102.28064727783203
2021-03-31,INTU,0.025666512676541173,0.7594165597845861,0.35267796778943966,116.89128549918223,369.99835205078125
2021-03-31,JPM,0.03677407251562089,0.7280726683033059,0.24615205528730377,464.60262558156535,133.37521362304688
2021-03-31,BAC,0.030135302539028522,0.7075627598317522,0.3003790494315125,1481.969310887139,34.265052795410156
2021-03-31,SBUX,0.03349382324097276,0.6636298721037692,0.2702591897580437,579.3310010787552,97.42109680175781
2021-03-31,BLK,0.03330160600229574,0.6571683008378708,0.2718191287945815,83.88047014791249,668.9896240234375
2021-03-31,AXP,0.029063210957086937,0.6556667396235578,0.3114595130032299,367.89697191172286,133.11666870117188
2021-03-31,TMO,0.029669663028348264,0.6321031988088914,0.3050932368984295,111.04074601032383,450.24127197265625
2021-03-31,DHR,0.030774129729003185,0.6234904612337813,0.2941436073324059,265.9591876637436,194.9781036376953
2021-03-31,ACN,0.03947231941275883,0.6126044205092211,0.22932560502331426,259.979767429745,255.83982849121094
2021-03-31,XOM,0.02472785260237236,0.598752801556192,0.36606549208142697,903.8964913831309,46.09807205200195
2021-03-31,AMZN,0.03436351474808694,0.5871663763819504,0.2634193154385749,374.2924864694772,154.70399475097656
2021-03-31,HON,0.04505694657130949,0.5785310459559989,0.20090161939132378,411.1657851270283,184.65447998046875
2021-03-31,ABT,0.03750684110362725,0.576918730087935,0.24134299942761694,581.4505857159684,108.69579315185547
2021-03-31,META,0.026894206722180975,0.5527579986113222,0.33657856595334307,155.07402230863792,292.2366943359375
2021-03-31,MA,0.028556798398879434,0.5099842128024425,0.31698278653532924,139.30221090082213,345.4351806640625
2021-03-31,MSFT,0.03624837254118233,0.49798109235416455,0.24972192946649677,269.98708278387454,226.23541259765625
2021-03-31,CVX,0.0307630706789991,0.4974652031535378,0.2942493493402768,609.1824069340039,85.09369659423828
2021-03-31,ABBV,0.035673955567916506,0.4912287582078152,0.25374291655914355,678.1738359836468,88.63909149169922
2021-03-31,LIN,0.0354019674111813,0.48626603995913253,0.25569238641085973,227.9563157351935,261.6922302246094
2021-03-31,HD,0.0392919273321715,0.4174940577134074,0.23037845546438265,245.09695260701625,270.134765625
2021-03-31,BRK-B,0.04866040389757063,0.3631242067754097,0.18602421693948074,320.95996131843566,255.47000122070312
2021-03-31,UNH,0.042853900798612586,0.35808891165612544,0.21122962816251944,211.44455702637447,341.5143127441406
2021-03-31,V,0.0319870350467687,0.34757148803268145,0.2829900776289317,264.1045207393513,204.08599853515625
2021-03-31,RTX,0.031129006960617683,0.295624360313111,0.290790308295296,759.2195149394062,69.08964538574219
2021-06-30,GS,0.025788416048630365,0.971884838376857,0.23629783925409828,140.74392075962388,337.71185302734375
2021-06-30,CAT,0.028495097918290024,0.9644224540273119,0.21385246709981295,263.4174967724407,199.3778076171875
2021-06-30,BAC,0.027452230795436818,0.8401827841676437,0.22197638638132042,1379.8714719134864,36.66825866699219
2021-06-30,JPM,0.0313706417642718,0.8227352105520882,0.19424999449699712,421.80070599148564,137.077880859375
2021-06-30,AXP,0.028052977305381286,0.7465075642963241,0.21722282536150372,332.49205151273367,155.50665283203125
2021-06-30,GOOGL,0.0324410626653034,0.6791932041480926,0.18784054804081662,493.790478076918,121.08870697021484
2021-06-30,HON,0.03157508555627691,0.6419586737388809,0.19299225584729007,310.56938143752825,187.38601684570312
2021-06-30,BLK,0.03190808556135487,0.6392664849576335,0.1909781449707983,75.39836804686944,779.9918823242188
2021-06-30,BRK-B,0.04172757848739412,0.6236625693626996,0.1460364394717509,276.7289794407062,277.9200134277344
2021-06-30,SBUX,0.038103228523485695,0.5686754731186234,0.15992731393669338,701.7070705257318,100.08228302001953
2021-06-30,TXN,0.024864827862626972,0.5270910237755115,0.2450749719138921,273.31898431506175,167.67446899414062
2021-06-30,AVGO,0.024875092439873226,0.5219154518972409,0.2449738430040633,1054.4658316977086,43.479393005371094
2021-06-30,INTU,0.02822945153613453,0.49068087577317177,0.2158648736861533,109.73636714287818,474.13623046875
2021-06-30,RTX,0.034830271785232875,0.483390650909417,0.17495548204882672,836.5634439294001,76.73778533935547
2021-06-30,XOM,0.022147747243078122,0.45679596582330184,0.2751407140056448,772.4899214666964,52.84306716918945
2021-06-30,META,0.022342947889758297,0.4494648261552743,0.2727369289023118,119.3629085966272,345.0025939941406
2021-06-30,PM,0.044757838505140604,0.44266531856798985,0.13614926890129372,1042.7866149823108,79.10882568359375
2021-06-30,LIN,0.0357791648240345,0.4418900896990796,0.17031551798502623,243.32800124680725,271.0125427246094
2021-06-30,UNH,0.03619240477005516,0.39454628280423476,0.16837087860817984,180.82535178561406,368.900634765625
2021-06-30,DHR,0.02556758463916912,0.3903892101516686,0.23833878233227965,202.55108624416994,232.65179443359375
2021-06-30,AAPL,0.028893219154372173,0.37190146636496824,0.21090578234010832,398.52855519375976,133.62501525878906
2021-06-30,ACN,0.04416119632322477,0.3266529350385379,0.1379887208099095,297.21550864001875,273.85498046875
2021-06-30,MCD,0.05021605661582513,0.29431611003901526,0.12135056794078646,446.4265196229792,207.3212890625
2021-06-30,COST,0.039380887083339935,0.2906088392689179,0.1547386928380042,193.3476725219822,375.403076171875
2021-06-30,HD,0.034026043069641076,0.2842418605536807,0.1790906740935171,221.0678384769653,283.6855163574219
2021-06-30,KO,0.05708665750176403,0.26750039845733564,0.10674555591013124,2240.011764293776,46.97162628173828
2021-06-30,CVX,0.02393063609076469,0.2629608399717518,0.25464208167992514,512.3084420222203,86.09422302246094
2021-06-30,MDLZ,0.04967333302161478,0.2588272242996943,0.12267642655316573,1660.1352573526392,55.148170471191406
2021-06-30,IBM,0.03118973195088931,0.2573851296104055,0.19537670280950636,495.1778926208248,116.09183502197266
2021-06-30,TMO,0.024940503067635397,0.23559516477491682,0.24433135825494848,92.31230401536847,497.9627990722656
2021-09-30,GS,0.025600374888058705,1.0940526792693501,0.2469357618350455,141.743349011088,338.0116271972656
2021-09-30,GOOGL,0.03316578967163844,0.9745838381679537,0.19060749461519588,468.1656828667676,132.58023071289062
2021-09-30,LLY,0.025924332573797948,0.7747520802748828,0.24384998372667513,219.04457869192382,221.49456787109375
2021-09-30,INTU,0.0352397989905752,0.7458016369548852,0.1793894476508295,126.22893726774315,522.4713745117188
2021-09-30,JPM,0.028466592830492875,0.7087047656247989,0.22207252247883752,367.1814445009055,145.09176635742188
2021-09-30,BLK,0.02825866240623069,0.7002129827212931,0.2237065571388014,70.43134131573264,750.8853759765625
2021-09-30,AXP,0.02522347786460627,0.6775845962598903,0.25062555251812113,298.61290886244603,158.0827178955078
2021-09-30,CSCO,0.040270125435170875,0.5460669304829904,0.15698108729317198,1586.4446479351395,47.5057373046875
2021-09-30,RTX,0.030640198190000786,0.5108986730334968,0.20631877238668025,737.1825576840677,77.78655242919922
2021-09-30,DHR,0.03457338620962207,0.5092623019467657,0.18284723509339607,244.9850206300264,264.1133728027344
2021-09-30,ACN,0.042290669662754486,0.5091009185523605,0.14948091687025325,265.5579115380476,298.0391540527344
2021-09-30,META,0.02514871653335219,0.4485680644707448,0.2513706044545766,139.76538026641018,336.74737548828125
2021-09-30,MSFT,0.03882786691977832,0.44843851547854263,0.16281213926344726,267.48620857542016,271.66278076171875
2021-09-30,ABBV,0.0295841504013635,0.44719930964364707,0.2136836106658715,612.3013350527207,90.42362213134766
2021-09-30,HON,0.03310912594267874,0.43344239263790874,0.19093370471905857,340.32904982975543,182.0692901611328
2021-09-30,PM,0.0323290568474964,0.429235423500405,0.19554075165465584,789.9191545136281,76.59464263916016
2021-09-30,CVX,0.0265871484539945,0.4188878687887079,0.23777081950643594,588.7489261436326,84.51419067382812
2021-09-30,AVGO,0.03810915147006388,0.3980077673593989,0.1658826773199458,1601.239289779877,44.54111099243164
2021-09-30,SBUX,0.032755965121116344,0.39059824241362673,0.19299227035048502,618.4498617033506,99.12287902832031
2021-09-30,TXN,0.03013106211394916,0.3698443190578977,0.2098050195621528,334.5980600964873,168.53070068359375
2021-09-30,UNH,0.035218137236306644,0.34967214644859235,0.17949978540399658,182.46217032111724,361.2281188964844
2021-09-30,BRK-B,0.04678061899038525,0.34202115965649016,0.1351339125620553,320.7648543256624,272.94000244140625
2021-09-30,LIN,0.036084755714223433,0.3364064036896759,0.17518888381316539,244.72074724853857,275.95672607421875
2021-09-30,COST,0.04033597727930948,0.3271283564118339,0.15672480258680288,176.73308967647978,427.1325988769531
2021-09-30,AAPL,0.030953145832402412,0.31945867710553477,0.20423281402395968,418.9788429261951,138.26132202148438
2021-09-30,QCOM,0.028326177668611372,0.264280337657663,0.22317335399793986,454.06035486501986,116.75148010253906
2021-09-30,TMO,0.0297851211242824,0.25892474155975065,0.21224181193917668,98.79540815936694,564.2227783203125
2021-09-30,NEE,0.03798343807040095,0.23454681160754687,0.16643169753429363,1020.3229765073684,69.66980743408203
2021-09-30,IBM,0.048413423856087504,0.2128642162182628,0.13057634789551575,814.121232702103,111.29219818115234
2021-09-30,UPS,0.029883551701249306,0.20068131030222025,0.21154272890465234,376.58968233638325,148.5086669921875
2021-12-31,GOOGL,0.030232792667462736,0.6095888078140805,0.2357264710482023,451.4326425459669,143.66461181640625
2021-12-31,XOM,0.029603274557673056,0.5397029829257414,0.24073923009931855,1204.2197196264005,52.734947204589844
2021-12-31,HD,0.03331753686251576,0.5389851552651448,0.21390145240451103,191.81729753152624,372.6058044433594
2021-12-31,LLY,0.02419200986098479,0.4979018981790313,0.29458774059638426,195.35132456377858,265.6562805175781
2021-12-31,MSFT,0.03234894287856299,0.49647890578897225,0.22030610249572205,213.73411081552734,324.6764221191406
2021-12-31,BAC,0.029385699892250823,0.46717066012574837,0.2425216874726302,1577.4512782551333,39.96175765991211
2021-12-31,GS,0.028982012663536935,0.452690902454876,0.24589974506495246,180.80629926452934,343.8582763671875
2021-12-31,DHR,0.030577644238323484,0.44277458262339575,0.23306797181258918,229.66173271165454,285.6142578125
2021-12-31,COST,0.030569613222901523,0.41696208729546713,0.23312920165093692,121.32642697609514,540.504150390625
2021-12-31,CVX,0.037189905653567654,0.3969877067167733,0.19162913699807385,806.7486331279824,98.88976287841797
2021-12-31,ACN,0.029114419163169765,0.3957796528265871,0.2447814426759478,161.24125780798798,387.3436584472656
2021-12-31,TMO,0.03700233500923356,0.34645867963966315,0.19260053517310646,120.41296338157791,659.204833984375
2021-12-31,AVGO,0.0252970867772195,0.2963398785546314,0.2817189816437937,882.2553533509706,61.5092887878418
2021-12-31,UNH,0.03522163965899943,0.28071915125856606,0.20233781261832973,162.23383567883332,465.7283020019531
2021-12-31,JPM,0.036594811644121136,0.2737465796922811,0.1947453533779245,555.9503966603664,141.20431518554688
2021-12-31,BLK,0.03288416987579282,0.2665505012629872,0.2167203719099854,85.66006069413154,823.517822265625
2021-12-31,CSCO,0.031286775322480344,0.265779812592694,0.22778536464613736,1205.3407960979941,55.68207931518555
2021-12-31,AXP,0.021368925453126162,0.2555561733955287,0.333506218694322,296.20595486398355,154.7581024169922
2021-12-31,AAPL,0.029982037456936297,0.24942138073561448,0.23769797285021446,370.15051885300323,173.7589874267578
2021-12-31,LIN,0.048414837707876135,0.22147417865569685,0.14720011184244017,317.6641364224728,326.945068359375
2021-12-31,GILD,0.04270328638714504,0.22128097647081546,0.1668880811847375,1474.3348035054285,62.13405227661133
2021-12-31,TXN,0.030711470235829704,0.19582601143575062,0.23205237231262832,396.2353602420675,166.26922607421875
2021-12-31,BRK-B,0.04927827981965275,0.18600942679545285,0.14462090705103628,353.5483771894794,299.0
2021-12-31,UPS,0.02829203829642589,0.17771708219698534,0.2518966449417419,345.49617762374135,175.66510009765625
2021-12-31,ABT,0.036483742403634514,0.17544135034167674,0.19533822617723004,606.2056190625175,129.10525512695312
2021-12-31,MCD,0.045772079276097756,0.16399813973948651,0.15569905580309773,403.6367370144132,243.26210021972656
2021-12-31,NEE,0.039903878504423514,0.16096889999116337,0.17859591078704132,1028.8099361629097,83.20404815673828
2021-12-31,META,0.022826814734744447,0.13706248651648,0.31220604399901364,146.72805427059802,333.7310791015625
2021-12-31,ABBV,0.03937303289491781,0.13364144747980355,0.181003824227949,735.2415228767292,114.87706756591797
2021-12-31,RTX,0.03108890688039354,0.13225820432373503,0.22923512727066794,851.3739676202688,78.33386993408203
2022-03-31,CVX,0.028596774379874915,0.528486179434007,0.30038743075596913,431.09546555899794,138.65599060058594
2022-03-31,COST,0.0357591378553393,0.4982398152305476,0.24022143986326933,136.12409441188308,549.094482421875
2022-03-31,XOM,0.024699816626131244,0.4808549642557358,0.34778037885474883,717.3896060475571,71.96704864501953
2022-03-31,ABBV,0.05404465787917254,0.4424975337564008,0.1589446935362905,812.9053155407532,138.9657745361328
2022-03-31,LLY,0.03636716023592162,0.39290473372750334,0.23620517874238298,274.85443881899715,276.5678405761719
2022-03-31,AAPL,0.028503920694928218,0.36219472206448144,0.30136596560932793,348.2570013854056,171.08021545410156
2022-03-31,UNH,0.03489600130139151,0.3361543479493503,0.24616320677223866,153.75703708639156,474.39019775390625
2022-03-31,RTX,0.03535557139030698,0.3344087574412944,0.2429634494956514,814.9941146803997,90.6772689819336
2022-03-31,GOOGL,0.024023400203435814,0.26371261443793226,0.35757267960137445,364.0646754121767,137.9275360107422
2022-03-31,UPS,0.022962962214092192,0.2623232948273586,0.37408551665895545,271.112901888259,177.04055786132812
2022-03-31,AVGO,0.022143086700448244,0.2574771700217253,0.3879365013598063,789.832613332501,58.60007095336914
2022-03-31,AXP,0.020696726296679607,0.2567250286756022,0.41504687556586506,243.9475130122921,177.33738708496094
2022-03-31,BRK-B,0.04535704236071223,0.25344693782947925,0.18938870651141507,268.64316905656483,352.9100036621094
2022-03-31,MSFT,0.025833754402858306,0.2487525875393397,0.3325150285909786,181.05053277911225,298.2515869140625
2022-03-31,INTU,0.018440565182606398,0.2358706066169196,0.46582691467510745,82.57510051702265,466.78851318359375
2022-03-31,DHR,0.02845147274573262,0.22215793681134532,0.3019215089724015,233.34190198714074,254.8631591796875
2022-03-31,TMO,0.03276004724706089,0.2212235425842224,0.2622130401429571,117.28102798656312,583.8641357421875
2022-03-31,KO,0.04608980507094796,0.21627469641111619,0.1863776939532643,1749.5165476509692,55.06578826904297
2022-03-31,PM,0.029954786395407648,0.20936575380811817,0.28676924850967034,802.9060343872753,77.98239135742188
2022-03-31,PEP,0.04785757292014457,0.1890247524846136,0.17949325592027532,679.0834059453268,147.30673217773438
2022-03-31,PG,0.03829729084007405,0.17336169785429711,0.22430076372112748,580.1174068707895,137.9898681640625
2022-03-31,ACN,0.027012593536886804,0.1568575499435585,0.31800395516071417,178.72742338604687,315.9149169921875
2022-03-31,MDLZ,0.04348836166449047,0.1252731336332622,0.1975266773706223,1612.0105544770474,56.38975524902344
2022-03-31,CSCO,0.03502109482862074,0.10945299851574042,0.24528392461501633,1485.315602098678,49.28400802612305
2022-03-31,BAC,0.02516156364698594,0.10846970825387303,0.34139816206961937,1413.592445203947,37.20561218261719
2022-03-31,MCD,0.04156143321302327,0.09369935200934187,0.20668468144132812,385.0003017545116,225.6443634033203
2022-03-31,HD,0.026304844980081853,0.07921308969809293,0.32656005349521045,203.36507257235485,270.3674621582031
2022-03-31,MRK,0.04616923610496558,0.07073303688373822,0.18605704379316917,1328.2396522209099,72.65596771240234
2022-03-31,GS,0.029087332306324445,0.04674516046464405,0.29532139604328733,203.70873937429488,298.462158203125
2022-03-31,JNJ,0.045101986775354146,0.045603048764366605,0.1904597158139559,597.384481217824,157.81082153320312
2022-06-30,CVX,0.02628947580064296,0.7417337806000457,0.381625262627625,410.2694035058644,124.29994201660156
2022-06-30,XOM,0.023984387331905006,0.5992464316711801,0.4183024551732876,617.1318846358623,75.3891372680664
2022-06-30,LLY,0.030969123813415256,0.384879474048335,0.32395905571009304,191.20470159252403,314.18719482421875
2022-06-30,ABBV,0.035715841591777854,0.36434340268609033,0.28090414952093967,523.2389575474141,132.40943908691406
2022-06-30,UNH,0.03591680087857424,0.2526962800550887,0.2793324533741498,145.30090718191065,479.49871826171875
2022-06-30,AVGO,0.024181036241050956,0.24170989260968412,0.4149006687203459,1028.970122143786,45.585872650146484
2022-06-30,MRK,0.043910064153355785,0.21601511381754235,0.22848356749659224,1046.4964571306693,81.39250946044922
2022-06-30,KO,0.040736410162191095,0.19841375160090724,0.2462840507255765,1404.1208773085943,56.277706146240234
2022-06-30,COST,0.02214409229374529,0.1861423691071642,0.45306567429710165,93.83891935099619,457.7549133300781
2022-06-30,PEP,0.040973448076366784,0.15515668169010288,0.24485925831928637,538.145895958494,147.6932373046875
2022-06-30,RTX,0.03605611786479981,0.14131559651726078,0.2782531426256937,790.360721069001,88.49357604980469
2022-06-30,BRK-B,0.04251288490765091,0.13694586830642264,0.23599264384331173,302.053770696943,273.0199890136719
2022-06-30,LIN,0.03280237195444771,0.13517906964881288,0.3058537388910564,232.69613147795494,273.4476623535156
2022-06-30,TMO,0.02592859554243298,0.12668909488090674,0.38693681230609195,93.60028607836239,537.3533325195312
2022-06-30,PG,0.038521903617036855,0.12195680364432393,0.26044216834408584,572.2471886961342,130.5816650390625
2022-06-30,JNJ,0.05102393179192976,0.1176533814548344,0.19662789115655324,622.1968303435965,159.0758514404297
2022-06-30,PM,0.03785653830072169,0.11493591637804856,0.2650196916333393,884.7987272924195,82.99549865722656
2022-06-30,MCD,0.0441184486688315,0.11007890773303441,0.22740437185523285,377.79538422584557,226.5279083251953
2022-06-30,AAPL,0.024380112289254494,0.09294928121833701,0.4115127932033716,352.5279784421564,134.1529541015625
2022-06-30,AMGN,0.053761636299097235,0.0881878576608206,0.18661500648802667,481.99929795441057,216.3636016845703
2022-06-30,NEE,0.029788310759093783,0.053950827131126866,0.33680084070225996,827.7085845893541,69.81143188476562
2022-06-30,IBM,0.03612525715850653,0.04017582620949023,0.27772060037503493,570.6517558077745,122.79987335205078
2022-06-30,MDLZ,0.03927626573150197,0.035217913942278356,0.2554399691495136,1358.3697478938498,56.08804702758789
2022-06-30,AXP,0.02548418299016029,0.032439582686538904,0.3936845105309714,373.5863142027239,132.3237762451172
2022-06-30,ABT,0.03287990671760465,0.028666761369489535,0.3051324990952973,635.1492975827998,100.41830444335938
2022-06-30,ACN,0.026388110354527133,0.024001635895195772,0.38019880817429397,196.21560896139223,260.875244140625
2022-06-30,QCOM,0.019945325927513087,0.014716572415339968,0.503011489670548,330.2216353962888,117.16387939453125
2022-06-30,CAT,0.02637307064139212,0.012346147652946282,0.3804156233145166,306.05160530026023,167.15684509277344
2022-06-30,MSFT,0.026124788954925437,0.011775647186219373,0.3840309724251932,203.4978191608098,249.0297088623047
2022-06-30,MA,0.025831559185546683,-0.014726185156107907,0.38839034201142963,162.6801246000115,308.0166931152344
2022-09-30,XOM,0.02401964402946946,0.6986289334911371,0.3303857603493797,560.3623896719201,77.60603332519531
2022-09-30,CVX,0.02340409592272103,0.6202535530759623,0.3390751935986371,340.4340615545073,124.46772766113281
2022-09-30,UNH,0.03581361230262202,0.3421435138762645,0.22158469491827015,137.0952847032515,472.9590148925781
2022-09-30,LLY,0.026627649568212154,0.322165371027072,0.2980266183715791,153.35826296926678,314.3572998046875
2022-09-30,ABBV,0.033048410201878986,0.29756231118701004,0.24012496539232972,510.9125432200029,117.11213684082031
2022-09-30,KO,0.04854555581039609,0.20292233377067537,0.16347013075702096,1741.13586195068,50.479461669921875
2022-09-30,COST,0.02925761044979406,0.16945551464706954,0.27123706392958574,117.23401369995943,451.83837890625
2022-09-30,PEP,0.047189285978721296,0.16873237271441033,0.16816843466493886,586.5748211937878,145.65248107910156
2022-09-30,AMGN,0.0398158821984549,0.16746415876681686,0.19931112706340243,356.87596994322945,201.9932861328125
2022-09-30,MRK,0.04205742755736335,0.16692584924791487,0.18868839148980066,982.4645373354215,77.5039291381836
2022-09-30,AAPL,0.025756106674566688,0.11732126385621866,0.3081113328294295,343.3989984143905,135.7935333251953
2022-09-30,NEE,0.033170199684610546,0.10568344922737238,0.23924330970125365,845.7158140774193,71.01033020019531
2022-09-30,UPS,0.02881998785464303,0.0986737033149403,0.2753557147915044,385.0641422832067,135.5060272216797
2022-09-30,MDLZ,0.04171375004133808,0.08098452665928879,0.19024298578126944,1514.6932376527277,49.86001968383789
2022-09-30,MCD,0.04679368606408705,0.06966796065673653,0.16959015250752366,397.97494459712823,212.87733459472656
2022-09-30,RTX,0.029534985495863864,0.06855048516331341,0.2686897664841936,705.3389424442715,75.81179809570312
2022-09-30,AVGO,0.02522759838958602,0.051475374876297275,0.31456614432523994,1087.1530753064517,42.012943267822266
2022-09-30,PM,0.03350522709612202,0.04790260147679959,0.23685105411257487,857.1530717047436,70.77046966552734
2022-09-30,QCOM,0.021881198089439675,0.044950842490124376,0.3626743071179299,380.1635805891934,104.20738220214844
2022-09-30,BRK-B,0.0374398069582,0.028797483993757478,0.21196018357834065,253.85617081796434,267.0199890136719
2022-09-30,JNJ,0.048270460728494065,0.02535407805130996,0.16440175287809575,592.9852321666351,147.3789520263672
2022-09-30,IBM,0.03862858111832912,0.016484829157106695,0.20543722099676665,668.377974527708,104.6368179321289
2022-09-30,PG,0.03514991449923737,0.010288945994679555,0.2257686389584215,551.4763514670313,115.39720153808594
2022-09-30,CAT,0.024030908507362933,-0.016345228541768897,0.3302308921681525,281.6075124240726,154.49835205078125
2022-09-30,LIN,0.033241050427414015,-0.02518659006585533,0.23873338098404576,233.76407206927084,257.451171875
2022-09-30,WMT,0.027532522730211086,-0.03380683946990548,0.2882317916799506,1202.917064278911,41.438899993896484
2022-09-30,TMO,0.027112746184267594,-0.0440459807018998,0.2926943771045404,97.79839873239214,501.92596435546875
2022-09-30,GILD,0.030652217777003627,-0.0587930242961604,0.2588963843898886,1013.7254314480857,54.74436950683594
2022-09-30,MA,0.03507191385860223,-0.06190615532444965,0.2262707529447035,228.3767214767227,278.03887939453125
2022-09-30,MSFT,0.026687963800987594,-0.06477077900471429,0.2973530845280914,213.50963327018636,226.30589294433594
2022-12-30,XOM,0.028900327756502656,0.9042091904625535,0.2690386107857835,617.6910430337796,98.8301010131836
2022-12-30,CVX,0.02834340149326878,0.61724535596805,0.2743250146849818,382.0606019006039,156.70306396484375
2022-12-30,MRK,0.03960114878849053,0.4637254232482815,0.19634036558866358,832.2439373934726,100.51130676269531
2022-12-30,LLY,0.033622495438026465,0.3567238906019421,0.23125303251791238,199.1297257607397,356.65771484375
2022-12-30,AMGN,0.03156202423872242,0.3045705920436659,0.24634997971150494,281.3181042647085,236.9872283935547
2022-12-30,GILD,0.026185841555485822,0.2415813123552759,0.29692778879716397,720.066007466019,76.81605529785156
2022-12-30,ABBV,0.038670281260548334,0.23195527101427715,0.20106665318712613,573.3939726693931,142.45640563964844
2022-12-30,RTX,0.03345512852176253,0.1775344773401406,0.23240992859451926,751.6905999315237,94.01158142089844
2022-12-30,CAT,0.026383410814991955,0.17414190475063585,0.2947042778276833,245.4199947826876,227.07994079589844
2022-12-30,IBM,0.031550296526048446,0.1670871237601257,0.24644155164893217,530.7647971032247,125.562255859375
2022-12-30,KO,0.04185442042254678,0.11418711592072328,0.1857701994763443,1531.5563045913457,57.72529220581055
2022-12-30,PM,0.03926660899214881,0.10064814200839134,0.19801312693993853,949.1527699115551,87.38664245605469
2022-12-30,UNH,0.03357827221320615,0.09642581130634031,0.23155759717158134,142.41590313886402,498.0324401855469
2022-12-30,PEP,0.040676823896166586,0.0962675094729799,0.19114825805256747,529.7903210421954,162.18130493164062
2022-12-30,HON,0.034708009232731214,0.08199259309943718,0.22402045529971892,389.1105489608021,188.41456604003906
2022-12-30,WMT,0.03441552495059069,0.07728239350686827,0.2259243188074585,1598.6902519859036,45.47239685058594
2022-12-30,BRK-B,0.03164087318862436,0.06207078616993633,0.24573607638801506,216.3656607917302,308.8999938964844
2022-12-30,JNJ,0.051855506080812956,0.060163158059094446,0.14994172496833913,682.897063904666,160.39743041992188
2022-12-30,MDLZ,0.044545351746671714,0.046857446319839235,0.17454804431854642,1543.5355236585287,60.959800720214844
2022-12-30,MCD,0.041634086249864505,0.043746761981839244,0.18675332476856263,359.6923277515058,244.49818420410156
2022-12-30,GS,0.03151641029165102,0.028060085463476714,0.2467065239635823,210.14486274932702,316.7931213378906
2022-12-30,V,0.02765591722728395,0.0035411748368281426,0.28114431956690145,288.20027310248884,202.6989288330078
2022-12-30,MA,0.02524823415023664,-0.006930567565784251,0.3079543695847109,156.5953997425102,340.5726623535156
2022-12-30,LIN,0.030057465971215367,-0.011182066021248271,0.2586812886458672,203.11828140387948,312.5799560546875
2022-12-30,TXN,0.02367601979476867,-0.02031245277243554,0.32840418694789586,333.6757365473348,149.87936401367188
2022-12-30,AXP,0.02518908382091066,-0.027571145129618446,0.3086775242062851,375.8166377735068,141.5774688720703
2022-12-30,COST,0.02674290528244601,-0.03733225563136222,0.2907426829188596,129.10694956220323,437.5389709472656
2022-12-30,PG,0.04676260145054651,-0.060865493116206926,0.16627184522841434,708.0056514119595,139.51461791992188
2022-12-30,NEE,0.0253281650511353,-0.06751392777259635,0.30698252380958707,703.0806677424376,76.09503936767578
2022-12-30,UPS,0.025373363592594244,-0.08364187416304025,0.3064356841176817,364.1361980711704,147.18785095214844
2023-03-31,GILD,0.030034947377615855,0.3778966302878628,0.23480199037409877,841.8369119310074,74.9460678100586
2023-03-31,XOM,0.024598456830365968,0.3777848122299421,0.28669544084325393,521.8753931055339,99.0127182006836
2023-03-31,MRK,0.03044092219326907,0.32859323105029103,0.23167055781920037,658.8861562844986,97.05040740966797
2023-03-31,SBUX,0.0346907818667231,0.15843056644102704,0.20328931910901551,753.6836107087737,96.68852996826172
2023-03-31,CAT,0.024164843415773303,0.15692379133657508,0.2918398974785925,232.9009290173905,217.9529266357422
2023-03-31,LLY,0.03131801841111974,0.10061467390889667,0.2251823641096511,195.86432028936338,335.8836669921875
2023-03-31,MCD,0.0421109302707447,0.09874331886003418,0.16746876356575932,339.0362383559655,260.9147644042969
2023-03-31,LIN,0.02609954994138999,0.09251795391757756,0.27020639976100436,160.3572340189273,341.89630126953125
2023-03-31,PM,0.03863614469490079,0.08903938713127513,0.1825302571137819,953.7412449142527,85.09678649902344
2023-03-31,GS,0.02356113937256837,0.06904599593147198,0.2993176736289881,162.83698265137085,303.9437255859375
2023-03-31,MDLZ,0.03984200275999046,0.06062703149032078,0.17700579630819768,1305.2922204812885,64.11849975585938
2023-03-31,PEP,0.047139753307903515,0.05971109114921669,0.14960335874017247,601.0172892938518,164.75942993164062
2023-03-31,JPM,0.02556994659055011,0.0368865244102472,0.2758029000988148,444.81575827515655,120.75346374511719
2023-03-31,IBM,0.036860183781366955,0.024415454809466386,0.19132474940644448,654.7220182034905,118.26343536376953
2023-03-31,CVX,0.02739313261723552,0.016070006163612538,0.2574464747638354,400.4223651680251,143.70547485351562
2023-03-31,HON,0.033029926086644255,0.00962093258498986,0.21351138983920176,410.7379794374007,168.9245147705078
2023-03-31,RTX,0.03492830290329228,0.004792254617367764,0.20190690182032253,799.8793857365529,91.72821044921875
2023-03-31,AMGN,0.0344693801585939,-0.0014712235784238858,0.20459507518261102,329.03315410794585,220.06134033203125
2023-03-31,MA,0.037392024743348164,-0.012355644728553772,0.18860346486853674,220.32316871261273,356.507568359375
2023-03-31,V,0.04203140182339932,-0.014109641699723952,0.1677856345281221,400.60371583974455,220.3986053466797
2023-03-31,KO,0.04861908400916574,-0.019132827337972058,0.14505138401447504,1800.510365022925,56.72324752807617
2023-03-31,ABBV,0.03676809465818161,-0.02133401163880888,0.19180394009011445,544.6177432367664,141.81732177734375
2023-03-31,AVGO,0.027163226920304154,-0.027471384394069154,0.259625465182638,925.5372110140247,61.65061569213867
2023-03-31,HD,0.026093049938768566,-0.03199759026246973,0.27027371049359,200.33661449768556,273.5989685058594
2023-03-31,TXN,0.029056613873178844,-0.044588275356652995,0.24270775169556916,359.16616965965,169.9415283203125
2023-03-31,WMT,0.043289800133495315,-0.05145322768570815,0.16290824636052914,1915.1907904823145,47.48139572143555
2023-03-31,AXP,0.020076794387942628,-0.06311323951228798,0.3512645140840237,265.9025858987959,158.60678100585938
2023-03-31,PG,0.043194587406185175,-0.07034961563489683,0.16326734085288852,658.7880802621212,137.73158264160156
2023-03-31,UNH,0.03367576549542767,-0.07378681652901886,0.20941663303846927,158.7831515405563,445.51568603515625
2023-03-31,TMO,0.027751194030555027,-0.07644337867178375,0.2541247564800539,102.082776753909,571.0565795898438
2023-06-30,LLY,0.026760493769373724,0.3454774991351597,0.23216183047127048,126.99214329906724,459.8813781738281
2023-06-30,SBUX,0.023998339534184253,0.3051126908142092,0.2588831285165837,566.5720428437346,92.4388656616211
2023-06-30,AAPL,0.03377100144679303,0.2806752718062058,0.1839674558541352,384.93217523516563,191.46450805664062
2023-06-30,MSFT,0.02330268764377793,0.2739734873573423,0.26661153051466613,152.5397582236272,333.3891906738281
2023-06-30,GILD,0.03618230376792282,0.2676859010853412,0.1717072870114124,1123.413553392746,70.28863525390625
2023-06-30,LIN,0.04149942045453014,0.22749171506770272,0.1497072766261881,246.18285843564823,367.8855895996094
2023-06-30,WMT,0.05514635831403423,0.22405953731015926,0.11265957368270577,2368.769095435026,50.8068962097168
2023-06-30,MRK,0.03621881198362593,0.21950553714152687,0.17153420771011335,745.9437536347077,105.96359252929688
2023-06-30,JPM,0.026597227605552744,0.21637325078052227,0.23358694785601578,427.33070101375444,135.83160400390625
2023-06-30,MDLZ,0.03898664353715579,0.2044554405582375,0.15935624752851127,1261.7202835508358,67.43437194824219
2023-06-30,XOM,0.027402111989830568,0.1996493552629559,0.22672578011937566,612.2379842874105,97.677001953125
2023-06-30,CSCO,0.03291167737536253,0.19798777779543864,0.1887708471055829,1508.3144929845346,47.61970138549805
2023-06-30,BRK-B,0.05177604720151076,0.17401001147101236,0.11999303835677035,331.3622780230456,341.0
2023-06-30,TXN,0.024667628274694826,0.17192056711539871,0.2518590416812049,324.8187987760431,165.73521423339844
2023-06-30,MCD,0.05526944542843038,0.17037863328144298,0.11240867661424031,430.8788117883569,279.93585205078125
2023-06-30,AXP,0.02533409086935204,0.1537144682665761,0.24523339913210526,328.85945424703175,168.12161254882812
2023-06-30,CAT,0.021909887551164093,0.1483627506905434,0.2835598860699193,202.9380877750449,235.61619567871094
2023-06-30,MA,0.03390486916803584,0.13871758303014392,0.18324109103685854,191.47586443992157,386.43511962890625
2023-06-30,HON,0.03578944979346176,0.12901442139112795,0.17359208520014238,423.64908428174203,184.364501953125
2023-06-30,V,0.0351036418713068,0.11671457174372324,0.17698349477781836,329.35823715199535,232.60133361816406
2023-06-30,PEP,0.050380699940724354,0.11538930625740895,0.12331637363360355,652.2556818312974,168.56790161132812
2023-06-30,ACN,0.027653593548343982,0.11093503296976781,0.2246639376886654,204.84871892638762,294.6095886230469
2023-06-30,AMZN,0.01932541924095544,0.10705108206138236,0.32148152339414277,323.528932696047,130.36000061035156
2023-06-30,GOOGL,0.023101609321686346,0.0999853039655052,0.26893213937180893,424.6697855947836,118.71878051757812
2023-06-30,GS,0.029919724264663324,0.09917163213954039,0.20764780994824927,216.22651783012398,301.97930908203125
2023-06-30,COST,0.03490645046462794,0.09682944628967483,0.17798329922168593,147.06490211360656,517.9945678710938
2023-06-30,BLK,0.028979351911597912,0.08722460748260552,0.21438592680626523,97.4880389079763,648.7328491210938
2023-06-30,HD,0.02790093096313969,0.06322439718030104,0.22267232681305882,209.92232774340067,290.0605163574219
2023-06-30,CVX,0.02934585664412878,0.06158245609622548,0.21170842934161946,457.6325378496183,139.94534301757812
2023-06-30,PG,0.04195422612003205,0.028546983157967665,0.14808437176359687,647.3538163816745,141.4368438720703
2023-09-29,META,0.019105876914373973,1.0838922045595205,0.30428755577959427,137.317632987472,297.8724365234375
2023-09-29,AVGO,0.01905897614347299,0.9551646886687624,0.30503635366014187,505.7404848281092,80.67918395996094
2023-09-29,CAT,0.022406174642056773,0.7199966925198786,0.25946778868661746,182.58607829385207,262.7179260253906
2023-09-29,LIN,0.03719617517731544,0.44154307002348037,0.15629780641656352,220.80395955083674,360.6459655761719
2023-09-29,MA,0.04219928879250675,0.4353282999386958,0.13776726465430286,231.90923676847234,389.5621337890625
2023-09-29,CSCO,0.03188619651459644,0.41924287312889486,0.182325934817573,1369.2792496589893,49.85403823852539
2023-09-29,JPM,0.03799854212538537,0.41507484122557314,0.15299746416894072,596.5397174209546,136.36949157714844
2023-09-29,V,0.042404463358106805,0.38526419292572434,0.13710067589357158,402.21055386785895,225.7084197998047
2023-09-29,MSFT,0.026333462022803258,0.3770538448089471,0.22077160163241438,181.99204621563587,309.774169921875
2023-09-29,GOOGL,0.02263904059533602,0.35812109510061196,0.256798894052884,373.4353223667878,129.78732299804688
2023-09-29,INTU,0.0255174914097772,0.330604379313429,0.22783119601925608,108.9937350612838,501.21734619140625
2023-09-29,BRK-B,0.04554283854795578,0.3285009904345393,0.12765301357268133,278.3361554224834,350.29998779296875
2023-09-29,MRK,0.031102697842909217,0.29589599829941005,0.18691885239871675,699.5554319998915,95.18435668945312
2023-09-29,XOM,0.02690897824357285,0.28900934435721104,0.2160498453221359,533.596306664976,107.96277618408203
2023-09-29,MDLZ,0.0352660018391356,0.25986136318933806,0.1648522736946336,1169.5682968765836,64.55357360839844
2023-09-29,AAPL,0.026571390238610226,0.2597652110531323,0.21879474634537258,336.1514619106387,169.22671508789062
2023-09-29,IBM,0.04299120154779194,0.25645557489875404,0.135229544139113,709.2176656296468,129.77459716796875
2023-09-29,ACN,0.02947523180848269,0.2540897269602538,0.19723952045824153,214.43736244848247,294.2702941894531
2023-09-29,GILD,0.02897815887644966,0.248439920446466,0.20062284191648108,898.9037803968954,69.01559448242188
2023-09-29,WMT,0.04742179448656587,0.22956839268927998,0.12259512003383997,1956.9115804928765,51.87957763671875
2023-09-29,MCD,0.04790683620277798,0.21979093111571446,0.12135388282984787,412.79237126133717,248.4594268798828
2023-09-29,BLK,0.03168092968398105,0.21427231596194596,0.18350725958147077,110.9651284013132,611.2249145507812
2023-09-29,HD,0.04016870144392588,0.203465589621175,0.14473160391844705,302.86203778383714,283.9439392089844
2023-09-29,PG,0.04394839193520735,0.19771011827163987,0.1322842618649547,687.711335510072,136.81271362304688
2023-09-29,SBUX,0.033718143816130995,0.163442976183666,0.1724199475215278,843.0615156583419,85.62371063232422
2023-09-29,AXP,0.031517337561631525,0.1560308852067065,0.18445976205737866,467.0219845405899,144.47804260253906
2023-09-29,AMGN,0.027042169164013027,0.1540392731675324,0.21498573402304275,232.54456520794645,248.95736694335938
2023-09-29,PM,0.04096041845081066,0.15211927460338348,0.14193411120255714,1053.378573392814,83.24718475341797
2023-09-29,CVX,0.03216205099388318,0.13884652206208203,0.1807621220551613,454.7563055914661,151.4100341796875
2023-09-29,GS,0.029891039620433275,0.12516332923764928,0.1944957639856209,209.48963418879688,305.4696960449219
2023-12-29,META,0.024069341269610668,1.8732052476150605,0.26933295988737027,161.18512119631177,351.2038879394531
2023-12-29,AMZN,0.02289029557379756,0.7883159113904847,0.2832059073148956,354.32298992638056,151.94000244140625
2023-12-29,MSFT,0.033129933370393175,0.6296816400003471,0.19567401039438137,210.7774475182527,369.67193603515625
2023-12-29,GOOGL,0.021817964431923846,0.5692865299815155,0.29712519455747655,370.37671702491883,138.544921875
2023-12-29,INTU,0.027407485074922067,0.5443304187231206,0.23652906893727133,104.9484887749066,614.20458984375
2023-12-29,AAPL,0.041649137963943456,0.5108573556899638,0.15564948624616573,514.0626777327948,190.5504608154297
2023-12-29,COST,0.031396200130711927,0.30756025146481636,0.2064793478094216,113.26160966827146,651.9501953125
2023-12-29,ACN,0.04017898859759207,0.28700233964756316,0.16134470162028872,279.8809597328205,337.6336364746094
2023-12-29,LIN,0.03356007660210412,0.27579791251675023,0.19316603485574377,197.80522353816664,399.02972412109375
2023-12-29,V,0.048543095131362915,0.25005544761888054,0.13354457331450892,445.928587653264,256.02490234375
2023-12-29,QCOM,0.027327033844081833,0.2277513244791407,0.23722541435236724,466.2608866235242,137.84263610839844
2023-12-29,MA,0.03591117457497827,0.20579175962935503,0.180519490197917,200.96065749019917,420.2799072265625
2023-12-29,JPM,0.04381732972630491,0.1997586310168411,0.14794755789948855,639.5574380675909,161.1337127685547
2023-12-29,BRK-B,0.05611648161933948,0.18211782321950953,0.11552162109267643,370.0463157979389,356.6600036621094
2023-12-29,AXP,0.029037715231049692,0.1798229590218714,0.22324989673263396,374.8945618025409,182.1685333251953
2023-12-29,IBM,0.04210810493257287,0.17253378654744966,0.15395294889342753,647.2998419348709,152.99606323242188
2023-12-29,WMT,0.029366571325735252,0.11737774873504425,0.2207498742286752,1345.5593662174306,51.32990264892578
2023-12-29,BLK,0.028504134929028348,0.09055687631863685,0.22742900083880768,86.76633999384133,772.6390380859375
2023-12-29,MDLZ,0.030931391858472542,0.07813820432785112,0.2095821279671184,1073.4371768761557,67.77084350585938
2023-12-29,MCD,0.046161314499210696,0.07510084059679278,0.14043505903182896,385.91404815644637,281.3245544433594
2023-12-29,CAT,0.021627482243372447,0.06340004828276746,0.29974209913731553,177.84973635473182,286.00445556640625
2023-12-29,AMGN,0.029777033529117692,0.05516134205133283,0.21770694251139397,260.4457371333509,268.89593505859375
2023-12-29,CSCO,0.02586929329010227,0.05211115493958807,0.2505931203448754,1289.3618389936514,47.187808990478516
2023-12-29,SBUX,0.025213300641489172,0.03392401632722519,0.25711298250321385,654.7677958307088,90.5654296875
2023-12-29,GS,0.02700152297723587,0.029847455525086497,0.24008523267923843,172.95312354302396,367.1807556152344
2023-12-29,UNH,0.043762711221676735,0.02410440494077326,0.14813220538019256,205.03436714801188,501.9929504394531
2023-12-29,PG,0.03951789242782119,0.019785846766588566,0.16404384263467403,671.9469891177126,138.3180389404297
2023-12-29,HD,0.031962673064078344,0.0124936518344676,0.20281992415612773,229.29530000228624,327.8445739746094
2023-12-29,ABT,0.033030202700485595,-0.01972454275740798,0.19626482421157443,741.8335490495874,104.71884155273438
2023-12-29,TXN,0.028314117217484967,-0.01974505024988238,0.22895529028467113,417.5445965197227,159.48513793945312
