,MQ30
2018-03-29,1000.0
2018-04-02,978.4598085869608
2018-04-03,989.4708269983894
2018-04-04,1000.8266781279792
2018-04-05,1008.6198556155545
2018-04-06,983.8143060254768
2018-04-09,988.0459596513318
2018-04-10,1004.1692639901371
2018-04-11,995.605110578282
2018-04-12,1006.4612126400309
2018-04-13,1002.5624702945314
2018-04-16,1011.0017458114035
2018-04-17,1024.760064218634
2018-04-18,1026.2572627144323
2018-04-19,1024.626564092555
2018-04-20,1016.5169374695115
2018-04-23,1015.061624419995
2018-04-24,1001.2028794220935
2018-04-25,1000.6730650175496
2018-04-26,1016.8958294899675
2018-04-27,1017.7212770107412
2018-04-30,1013.1467002071837
2018-05-01,1014.48081434766
2018-05-02,1006.403727439047
2018-05-03,1004.5693093736796
2018-05-04,1018.4486755361014
2018-05-07,1021.2075447496467
2018-05-08,1021.4738650294224
2018-05-09,1029.9232370193297
2018-05-10,1039.7352662180947
2018-05-11,1043.4214167362818
2018-05-14,1045.8336860471668
2018-05-15,1035.5821959654108
2018-05-16,1038.8826441918507
2018-05-17,1036.1336263063456
2018-05-18,1036.6936328587963
2018-05-21,1046.2900917064721
2018-05-22,1043.4780045084512
2018-05-23,1046.7349119950125
2018-05-24,1045.4156627043405
2018-05-25,1043.9891082482152
2018-05-29,1029.0745594810915
2018-05-30,1041.798270132108
2018-05-31,1035.3762854123513
2018-06-01,1046.054524970488
2018-06-04,1053.9526322318075
2018-06-05,1053.5256580173025
2018-06-06,1066.2360362316233
2018-06-07,1066.0553868627703
2018-06-08,1066.9448728626285
2018-06-11,1066.9283694550131
2018-06-12,1069.1128997766427
2018-06-13,1064.5581668688965
2018-06-14,1066.1985043140276
2018-06-15,1063.4030104557776
2018-06-18,1062.6417738690368
2018-06-19,1057.4584400806727
2018-06-20,1057.6949515558147
2018-06-21,1052.1971957843093
2018-06-22,1052.800106514699
2018-06-25,1038.8873015458212
2018-06-26,1039.8021197617065
2018-06-27,1030.54905638417
2018-06-28,1039.5373686876699
2018-06-29,1039.5373686876699
2018-07-02,1040.9604898082584
2018-07-03,1034.1520949589408
2018-07-05,1043.4970504888192
2018-07-06,1048.773307931337
2018-07-09,1059.376740906015
2018-07-10,1064.6180020651689
2018-07-11,1057.0137566680319
2018-07-12,1065.9963200220889
2018-07-13,1065.855402473373
2018-07-16,1065.529301065337
2018-07-17,1071.1671783353872
2018-07-18,1076.7645613292104
2018-07-19,1074.7298134232028
2018-07-20,1076.1598344212418
2018-07-23,1080.158209856768
2018-07-24,1086.0885796065893
2018-07-25,1099.6271280356443
2018-07-26,1099.7708583383685
2018-07-27,1092.506959571427
2018-07-30,1083.6905468725397
2018-07-31,1087.0544037727182
2018-08-01,1084.2475111479291
2018-08-02,1088.228981583065
2018-08-03,1092.9706451877844
2018-08-06,1095.9204021412932
2018-08-07,1101.3956863654594
2018-08-08,1102.407760427011
2018-08-09,1099.1096030478445
2018-08-10,1091.7556513594125
2018-08-13,1087.000511763983
2018-08-14,1093.4059138571995
2018-08-15,1085.4060891251738
2018-08-16,1098.5249002979795
2018-08-17,1102.6444769545149
2018-08-20,1102.9568529855094
2018-08-21,1105.202205060206
2018-08-22,1106.2225475472758
2018-08-23,1105.8723988716063
2018-08-24,1113.3395547713205
2018-08-27,1122.9266573251136
2018-08-28,1126.20318875918
2018-08-29,1132.4608134168454
2018-08-30,1127.5890473652198
2018-08-31,1129.149058097716
2018-09-04,1132.3770814820996
2018-09-05,1128.9199705249905
2018-09-06,1128.3017400652361
2018-09-07,1127.9733564482963
2018-09-10,1133.1045263773558
2018-09-11,1136.7146709657186
2018-09-12,1134.8636497305704
2018-09-13,1143.20581764561
2018-09-14,1141.444180708652
2018-09-17,1132.9779137620203
2018-09-18,1141.2978618233155
2018-09-19,1145.1991772069712
2018-09-20,1153.1713388502676
2018-09-21,1154.4371824285447
2018-09-24,1150.2254262558126
2018-09-25,1149.7571528609612
2018-09-26,1145.3131510822257
2018-09-27,1147.41473608609
2018-09-28,1147.41473608609
2018-10-01,1156.0689620973149
2018-10-02,1156.7660463482846
2018-10-03,1155.843506527658
2018-10-04,1146.031506550937
2018-10-05,1138.2819726659075
2018-10-08,1136.205044152048
2018-10-09,1134.2748618423548
2018-10-10,1095.2809872902735
2018-10-11,1072.3226026042603
2018-10-12,1093.503721125842
2018-10-15,1083.4483313573428
2018-10-16,1107.918970260815
2018-10-17,1106.0145611832052
2018-10-18,1089.0742650843772
2018-10-19,1089.4026910983648
2018-10-22,1086.1369952907382
2018-10-23,1080.240785640052
2018-10-24,1047.9244500813281
2018-10-25,1071.741582331911
2018-10-26,1052.2429874808724
2018-10-29,1047.711151297821
2018-10-30,1058.751459298645
2018-10-31,1073.3438414910509
2018-11-01,1081.2335686049094
2018-11-02,1074.628085357462
2018-11-05,1084.407867631674
2018-11-06,1089.3988230822597
2018-11-07,1117.0514517915158
2018-11-08,1118.304312810843
2018-11-09,1110.0392586746577
2018-11-12,1086.846893543765
2018-11-13,1083.9110674575354
2018-11-14,1075.0793372869723
2018-11-15,1089.8296449918819
2018-11-16,1094.7972970531043
2018-11-19,1076.9988548206964
2018-11-20,1059.6197764272686
2018-11-21,1058.396708943406
2018-11-23,1054.398061365881
2018-11-26,1069.9850606556568
2018-11-27,1073.9378403246317
2018-11-28,1102.0551760610351
2018-11-29,1100.6694987386934
2018-11-30,1114.7712322062898
2018-12-03,1126.4441303984502
2018-12-04,1089.034587287566
2018-12-06,1088.2410369185138
2018-12-07,1060.6705707038673
2018-12-10,1063.6688707045123
2018-12-11,1064.7742434011261
2018-12-12,1072.2803206725657
2018-12-13,1072.0847952030276
2018-12-14,1048.6260668424113
2018-12-17,1027.0752027266271
2018-12-18,1029.5971770572053
2018-12-19,1017.0758406444438
2018-12-20,999.4045855327953
2018-12-21,978.8058627056089
2018-12-24,954.8092742718127
2018-12-26,1003.6074992288776
2018-12-27,1014.9538177649015
2018-12-28,1015.7608793022208
2018-12-31,1015.7608793022208
2019-01-02,1008.5532880595727
2019-01-03,984.8848284545721
2019-01-04,1013.7927379128996
2019-01-07,1016.4900079564335
2019-01-08,1025.8698732476746
2019-01-09,1025.5046276279074
2019-01-10,1030.5368370171357
2019-01-11,1029.6978408222913
2019-01-14,1022.4034536492499
2019-01-15,1034.2392188465778
2019-01-16,1033.231984519893
2019-01-17,1041.009600872079
2019-01-18,1052.1513433906518
2019-01-22,1047.3384542535905
2019-01-23,1051.8001688394063
2019-01-24,1046.323174712145
2019-01-25,1047.7200635970698
2019-01-28,1041.6449295276748
2019-01-29,1043.0571377507508
2019-01-30,1055.5677311363565
2019-01-31,1066.6223479214573
2019-02-01,1067.2547935265454
2019-02-04,1073.3998699702393
2019-02-05,1077.6702445097071
2019-02-06,1077.8683677651907
2019-02-07,1070.5765280923015
2019-02-08,1073.0516762994837
2019-02-11,1073.9673300484412
2019-02-12,1086.8493493300916
2019-02-13,1089.2789517566343
2019-02-14,1083.3776065361953
2019-02-15,1096.268166612123
2019-02-19,1096.1451430092623
2019-02-20,1097.867004067936
2019-02-21,1098.5362876822571
2019-02-22,1104.7813346439214
2019-02-25,1108.3037981814368
2019-02-26,1109.034974245318
2019-02-27,1109.2183001500746
2019-02-28,1110.0177537907598
2019-03-01,1116.5124726184242
2019-03-04,1110.654470564046
2019-03-05,1111.289524914701
2019-03-06,1107.0604622269188
2019-03-07,1099.7993441311319
2019-03-08,1099.4401988208188
2019-03-11,1114.0824100306568
2019-03-12,1118.2751171450473
2019-03-13,1126.5123538727496
2019-03-14,1127.8811475134287
2019-03-15,1133.2491575997185
2019-03-18,1136.2484244431166
2019-03-19,1138.2112218896189
2019-03-20,1136.2393004917967
2019-03-21,1146.696151646553
2019-03-22,1132.462564363755
2019-03-25,1132.7895576452356
2019-03-26,1141.3168546726051
2019-03-27,1136.2084956580397
2019-03-28,1143.24910880388
2019-03-29,1143.24910880388
2019-04-01,1148.7745163653196
2019-04-02,1146.9036607313037
2019-04-03,1148.1163380939317
2019-04-04,1146.5096628467065
2019-04-05,1151.7236316334736
2019-04-08,1152.828004487266
2019-04-09,1148.3167239893387
2019-04-10,1149.4654897894213
2019-04-11,1147.3862267738077
2019-04-12,1148.2807119992679
2019-04-15,1150.7824007949534
2019-04-16,1147.083380653217
2019-04-17,1141.6305785391355
2019-04-18,1145.588151667162
2019-04-22,1146.8623477028232
2019-04-23,1156.5387439441258
2019-04-24,1155.488410502611
2019-04-25,1156.2289622967144
2019-04-26,1159.6930563084313
2019-04-29,1158.9451263523122
2019-04-30,1165.5736027721996
2019-05-01,1154.3933685073032
2019-05-02,1152.8199979844396
2019-05-03,1160.7148860702873
2019-05-06,1159.3311565051663
2019-05-07,1143.5820181574738
2019-05-08,1143.1220019149116
2019-05-09,1141.9312731893317
2019-05-10,1152.2135696342193
2019-05-13,1133.3512089034314
2019-05-14,1139.522901632518
2019-05-15,1147.690203971749
2019-05-16,1163.7064079079576
2019-05-17,1160.0799458883982
2019-05-20,1156.8109951538586
2019-05-21,1160.972358308976
2019-05-22,1164.2609048620018
2019-05-23,1153.8366794574147
2019-05-24,1158.0826108218828
2019-05-28,1147.063152325975
2019-05-29,1138.2701509750532
2019-05-30,1143.0854746464804
2019-05-31,1131.9546311586162
2019-06-03,1131.5448691552592
2019-06-04,1149.200204061718
2019-06-05,1162.851851989074
2019-06-06,1173.8165568975826
2019-06-07,1189.1846274942393
2019-06-10,1192.3643620287792
2019-06-11,1191.954788871651
2019-06-12,1195.6415096747935
2019-06-13,1197.0133132278343
2019-06-14,1196.8682477941963
2019-06-17,1196.9560382290624
2019-06-18,1204.864199529253
2019-06-19,1209.7225137049927
2019-06-20,1220.346209024872
2019-06-21,1219.2161748039168
2019-06-24,1219.3950058801695
2019-06-25,1211.037328910246
2019-06-26,1203.1967661178273
2019-06-27,1204.2878804725701
2019-06-28,1204.2878804725701
2019-07-01,1213.041892309357
2019-07-02,1222.485302969303
2019-07-03,1235.1552916190617
2019-07-05,1230.1751359691837
2019-07-08,1227.1961640540726
2019-07-09,1227.920243924079
2019-07-10,1234.674063902904
2019-07-11,1235.8183238665083
2019-07-12,1235.5458396301265
2019-07-15,1237.0051130601091
2019-07-16,1233.246767815174
2019-07-17,1228.598210941166
2019-07-18,1241.116068627349
2019-07-19,1230.407072999015
2019-07-22,1232.0009522233686
2019-07-23,1238.6584316208523
2019-07-24,1236.3866523439901
2019-07-25,1234.193445771405
2019-07-26,1246.448453698227
2019-07-29,1247.5542929541657
2019-07-30,1241.9054721995024
2019-07-31,1222.7289040371138
2019-08-01,1219.8660315891439
2019-08-02,1217.9765909630135
2019-08-05,1184.2766154251726
2019-08-06,1203.0778809549922
2019-08-07,1208.1653664370667
2019-08-08,1227.9343327740862
2019-08-09,1224.4538431834897
2019-08-12,1210.9335255771464
2019-08-13,1228.1153461574052
2019-08-14,1199.2686454700843
2019-08-15,1209.093291569105
2019-08-16,1222.3545826094366
2019-08-19,1232.0040332823764
2019-08-20,1219.8931701039317
2019-08-21,1228.2757123712327
2019-08-22,1228.2751858173674
2019-08-23,1201.6793331083943
2019-08-26,1215.2693044906985
2019-08-27,1216.521251829829
2019-08-28,1223.837294925329
2019-08-29,1235.757710188363
2019-08-30,1234.4231138594632
2019-09-03,1230.9228527428102
2019-09-04,1240.280177974702
2019-09-05,1247.7735685553089
2019-09-06,1251.8274997411218
2019-09-09,1238.1928372392906
2019-09-10,1223.6224622013112
2019-09-11,1230.866035113023
2019-09-12,1239.6861151623048
2019-09-13,1235.7944186600448
2019-09-16,1225.271487886467
2019-09-17,1232.7345947182841
2019-09-18,1235.9269904020439
2019-09-19,1238.1534190990897
2019-09-20,1234.3215821614926
2019-09-23,1234.9323622704608
2019-09-24,1230.6920657777434
2019-09-25,1235.6524485987072
2019-09-26,1236.7443172677074
2019-09-27,1231.866669351949
2019-09-30,1231.866669351949
2019-10-01,1217.783093931665
2019-10-02,1192.3430420861075
2019-10-03,1205.738674226166
2019-10-04,1224.2822748225037
2019-10-07,1216.6039238135988
2019-10-08,1197.4073783416989
2019-10-09,1211.3045567433182
2019-10-10,1216.9474968867426
2019-10-11,1223.161611340215
2019-10-14,1221.0905902327306
2019-10-15,1227.762028130088
2019-10-16,1225.9999595410463
2019-10-17,1229.547431370478
2019-10-18,1225.5649820335286
2019-10-21,1229.2808276704604
2019-10-22,1215.9043627316041
2019-10-23,1217.6165513098038
2019-10-24,1221.140821701974
2019-10-25,1223.322718607976
2019-10-28,1229.5134687123311
2019-10-29,1228.5315533987064
2019-10-30,1235.6475796047403
2019-10-31,1234.678523978156
2019-11-01,1237.0014587159671
2019-11-04,1233.7087108480584
2019-11-05,1227.9066979624354
2019-11-06,1233.3950731982313
2019-11-07,1235.9052650153146
2019-11-08,1239.3171096018266
2019-11-11,1235.2743741922645
2019-11-12,1240.7357094948113
2019-11-13,1248.2581802595867
2019-11-14,1250.6675731110633
2019-11-15,1258.1352707160847
2019-11-18,1256.6299593551269
2019-11-19,1255.6666596291054
2019-11-20,1251.4571081356783
2019-11-21,1248.4061779209076
2019-11-22,1247.1869680791326
2019-11-25,1253.018386358485
2019-11-26,1261.9710574609817
2019-11-27,1265.7452297563946
2019-11-29,1262.017221228984
2019-12-02,1252.3136160383642
2019-12-03,1249.1857657404105
2019-12-04,1257.9193170198039
2019-12-05,1259.1102159621535
2019-12-06,1268.5512827393957
2019-12-09,1267.0638592591959
2019-12-10,1266.0251049271135
2019-12-11,1268.7364948780858
2019-12-12,1276.1785800568687
2019-12-13,1280.6082280075348
2019-12-16,1287.4270204199984
2019-12-17,1287.3880899523915
2019-12-18,1286.0392911801937
2019-12-19,1294.0709407286884
2019-12-20,1302.8297543704764
2019-12-23,1298.7907797993469
2019-12-24,1299.352645106265
2019-12-26,1302.8451953409494
2019-12-27,1304.5929640331372
2019-12-30,1296.4010788827236
2019-12-31,1296.4010788827238
2020-01-02,1305.0873668636245
2020-01-03,1295.6183254812177
2020-01-06,1298.8313704093814
2020-01-07,1293.6125136387575
2020-01-08,1303.3996541297931
2020-01-09,1314.9583470902512
2020-01-10,1311.3729841353759
2020-01-13,1322.7086015969292
2020-01-14,1321.4635385674733
2020-01-15,1327.7039455606214
2020-01-16,1337.7575977627791
2020-01-17,1345.9510687616348
2020-01-21,1344.3870855419168
2020-01-22,1347.9755163134255
2020-01-23,1346.6877948274018
2020-01-24,1337.0590131290412
2020-01-27,1318.6924910415548
2020-01-28,1332.2024104469501
2020-01-29,1332.225926270691
2020-01-30,1339.341572028246
2020-01-31,1307.7487556969832
2020-02-03,1316.5158199689536
2020-02-04,1334.008345751687
2020-02-05,1347.337758214636
2020-02-06,1353.8075466028447
2020-02-07,1350.086369302083
2020-02-10,1358.5004235029598
2020-02-11,1358.0746044169985
2020-02-12,1363.1915044109771
2020-02-13,1367.091324992618
2020-02-14,1373.036602460471
2020-02-18,1369.9315402388395
2020-02-19,1374.4896987095865
2020-02-20,1367.4138601336251
2020-02-21,1357.1524117025958
2020-02-24,1311.742430755827
2020-02-25,1272.2316513569135
2020-02-26,1271.0684704550135
2020-02-27,1214.212541390544
2020-02-28,1198.2206220971655
2020-03-02,1259.3292954968135
2020-03-03,1225.1496177924757
2020-03-04,1281.8424892743417
2020-03-05,1240.9574269296004
2020-03-06,1220.7736981596638
2020-03-09,1141.8575552251973
2020-03-10,1193.6159811573868
2020-03-11,1133.0862483228639
2020-03-12,1030.8977460145525
2020-03-13,1138.1263874858428
2020-03-16,1007.7938179774991
2020-03-17,1071.1267143940697
2020-03-18,1020.7063476702191
2020-03-19,1024.5800141478737
2020-03-20,971.6383415521244
2020-03-23,943.5829615277198
2020-03-24,1035.7696378989856
2020-03-25,1040.930044607896
2020-03-26,1105.2456064433732
2020-03-27,1070.530269702749
2020-03-30,1110.5076571063187
2020-03-31,1110.5076571063187
2020-04-01,1066.7588386451334
2020-04-02,1100.6231921524688
2020-04-03,1085.9279480763682
2020-04-06,1156.0342254003187
2020-04-07,1147.3220938896052
2020-04-08,1179.098154137309
2020-04-09,1191.5374260331882
2020-04-13,1185.3137557604691
2020-04-14,1226.142108307982
2020-04-15,1205.0102429534825
2020-04-16,1217.9779341131548
2020-04-17,1243.5655164673399
2020-04-20,1222.8772754558904
2020-04-21,1188.4722243645613
2020-04-22,1221.5651623138936
2020-04-23,1212.14043519362
2020-04-24,1230.4940188869014
2020-04-27,1245.5057719859076
2020-04-28,1233.056342922804
2020-04-29,1257.2570498077137
2020-04-30,1253.2021513222714
2020-05-01,1224.5931253305594
2020-05-04,1226.9404026099432
2020-05-05,1240.5274531852278
2020-05-06,1235.164846863772
2020-05-07,1245.8866796874697
2020-05-08,1258.6906443838227
2020-05-11,1264.8924132619982
2020-05-12,1242.671792254423
2020-05-13,1230.1167237719358
2020-05-14,1241.5979871333739
2020-05-15,1247.7923364994026
2020-05-18,1272.3083405384787
2020-05-19,1256.2550653880667
2020-05-20,1276.6212967541462
2020-05-21,1265.7063615214697
2020-05-22,1268.562254486017
2020-05-26,1274.9574669730162
2020-05-27,1288.9823402473899
2020-05-28,1294.0167832732634
2020-05-29,1303.0878351363738
2020-06-01,1305.8147906234663
2020-06-02,1313.3743027859505
2020-06-03,1324.1750276173493
2020-06-04,1320.0776093605718
2020-06-05,1347.5741907554427
2020-06-08,1354.7788665492078
2020-06-09,1353.3907311936052
2020-06-10,1355.730349879441
2020-06-11,1286.520527365682
2020-06-12,1298.2517323509385
2020-06-15,1308.2734185918287
2020-06-16,1331.9248098243306
2020-06-17,1331.258833883481
2020-06-18,1331.5801335364747
2020-06-19,1328.6508229260876
2020-06-22,1335.69296045337
2020-06-23,1343.8790217923158
2020-06-24,1317.190216376706
2020-06-25,1332.4044518106584
2020-06-26,1300.2113138631034
2020-06-29,1314.5557000670135
2020-06-30,1314.5557000670135
2020-07-01,1324.9100937544777
2020-07-02,1333.584320134143
2020-07-06,1352.8842687251172
2020-07-07,1350.779283732868
2020-07-08,1361.164048083102
2020-07-09,1364.0046857220832
2020-07-10,1368.0285074724572
2020-07-13,1356.7131047448654
2020-07-14,1376.8069029345208
2020-07-15,1379.8045818294902
2020-07-16,1378.0264815279108
2020-07-17,1388.318410681039
2020-07-20,1402.4606723864188
2020-07-21,1396.9888442242402
2020-07-22,1402.9750565785614
2020-07-23,1387.370899074314
2020-07-24,1377.4443099394452
2020-07-27,1392.002422924476
2020-07-28,1385.4106783718644
2020-07-29,1393.9227958476627
2020-07-30,1397.2412414260077
2020-07-31,1402.016504187846
2020-08-03,1415.3289240763136
2020-08-04,1421.5467756315527
2020-08-05,1426.4685963513025
2020-08-06,1432.5852017387886
2020-08-07,1429.5859876649947
2020-08-10,1423.25673031722
2020-08-11,1410.0660469681786
2020-08-12,1440.1924589665057
2020-08-13,1438.9175612299532
2020-08-14,1436.3567535279433
2020-08-17,1449.2417661590016
2020-08-18,1453.3178870115669
2020-08-19,1447.048755739684
2020-08-20,1452.893582047427
2020-08-21,1462.5634726737658
2020-08-24,1468.6245903514227
2020-08-25,1477.2146190802473
2020-08-26,1490.2808136442318
2020-08-27,1494.2870240932295
2020-08-28,1506.1311573806172
2020-08-31,1505.8672205823723
2020-09-01,1518.3165691971967
2020-09-02,1546.130328788481
2020-09-03,1485.858082410258
2020-09-04,1469.4589494345448
2020-09-08,1431.6737788394632
2020-09-09,1466.3623755512892
2020-09-10,1439.2395617253374
2020-09-11,1442.1649419201117
2020-09-14,1458.5907060783636
2020-09-15,1470.3853926737786
2020-09-16,1454.3274222947803
2020-09-17,1445.2703107962645
2020-09-18,1432.4273916669563
2020-09-21,1425.099502864239
2020-09-22,1440.0514051770572
2020-09-23,1410.528256223441
2020-09-24,1411.5316940325197
2020-09-25,1430.905024115132
2020-09-28,1452.5372135153987
2020-09-29,1451.4111789969245
2020-09-30,1451.4111789969245
2020-10-01,1454.4818975858461
2020-10-02,1438.9674146323052
2020-10-05,1463.4472546664406
2020-10-06,1447.5432015413705
2020-10-07,1471.9443116770285
2020-10-08,1478.3164847757453
2020-10-09,1496.300452860133
2020-10-12,1511.9415325839302
2020-10-13,1507.0867263072205
2020-10-14,1498.1465415161663
2020-10-15,1491.6872177551297
2020-10-16,1500.2183021923167
2020-10-19,1473.3936041450875
2020-10-20,1478.6407497709874
2020-10-21,1474.0103884402636
2020-10-22,1482.1287978001287
2020-10-23,1485.279618788192
2020-10-26,1461.1010704589971
2020-10-27,1456.0464364261825
2020-10-28,1407.8851923981836
2020-10-29,1416.5189548296364
2020-10-30,1411.3498905968204
2020-11-02,1433.3004343292848
2020-11-03,1453.7420676280192
2020-11-04,1489.876019772405
2020-11-05,1510.9067346695608
2020-11-06,1514.2962707763047
2020-11-09,1512.8261446923866
2020-11-10,1519.0562859483446
2020-11-11,1531.7796556284427
2020-11-12,1522.0504411899587
2020-11-13,1538.7830027701264
2020-11-16,1545.935378857162
2020-11-17,1536.3196178948651
2020-11-18,1518.5842531479477
2020-11-19,1523.6134411434155
2020-11-20,1514.366145559174
2020-11-23,1516.2323967859334
2020-11-24,1529.7678715827774
2020-11-25,1528.119883712318
2020-11-27,1535.1524867392325
2020-11-30,1535.2586478732928
2020-12-01,1548.937353279209
2020-12-02,1548.448114348439
2020-12-03,1542.0528291439102
2020-12-04,1555.950441808147
2020-12-07,1552.00497283078
2020-12-08,1557.392613152356
2020-12-09,1551.8419541351536
2020-12-10,1545.1144970931534
2020-12-11,1544.7839502772304
2020-12-14,1535.5683082079693
2020-12-15,1547.8132270277792
2020-12-16,1549.213598970624
2020-12-17,1566.649870557487
2020-12-18,1567.7040843375498
2020-12-21,1555.7485549779738
2020-12-22,1545.57287738896
2020-12-23,1543.2701868791337
2020-12-24,1552.4003671776345
2020-12-28,1562.7479225951215
2020-12-29,1562.2316910861991
2020-12-30,1564.6909928847217
2020-12-31,1564.6909928847217
2021-01-04,1545.7652837307378
2021-01-05,1552.810294350959
2021-01-06,1558.5382604527695
2021-01-07,1576.3997426220574
2021-01-08,1587.091196815148
2021-01-11,1583.0448901934176
2021-01-12,1576.6878378109848
2021-01-13,1584.273466023225
2021-01-14,1568.402413464025
2021-01-15,1561.1610479259227
2021-01-19,1574.2148481739175
2021-01-20,1595.142328464383
2021-01-21,1596.5550881099543
2021-01-22,1593.5390495749898
2021-01-25,1600.7796173926222
2021-01-26,1598.7408384712612
2021-01-27,1543.69053475348
2021-01-28,1568.1111764163459
2021-01-29,1547.7412749512305
2021-02-01,1568.6493239333342
2021-02-02,1588.6848405665876
2021-02-03,1584.0546652285343
2021-02-04,1592.8540738598447
2021-02-05,1599.8946925481112
2021-02-08,1607.3583254960995
2021-02-09,1605.3690806225147
2021-02-10,1604.2782705516806
2021-02-11,1612.4511618060744
2021-02-12,1617.4497321153685
2021-02-16,1616.583513283168
2021-02-17,1613.6134510826728
2021-02-18,1602.437387864697
2021-02-19,1590.8145850739038
2021-02-22,1573.4623431738887
2021-02-23,1570.2366053274786
2021-02-24,1582.9433581055878
2021-02-25,1546.4211975525257
2021-02-26,1547.582594356905
2021-03-01,1579.308307236212
2021-03-02,1568.311552548211
2021-03-03,1538.197837772353
2021-03-04,1513.2606929136234
2021-03-05,1539.086439890797
2021-03-08,1521.4114494328371
2021-03-09,1553.3812883903086
2021-03-10,1559.904724944661
2021-03-11,1582.6700018690851
2021-03-12,1582.353860417175
2021-03-15,1587.9521047277153
2021-03-16,1593.3375705531448
2021-03-17,1587.2382161599035
2021-03-18,1566.0197814532075
2021-03-19,1570.7432748053718
2021-03-22,1587.1733329579197
2021-03-23,1583.2665003993957
2021-03-24,1573.572288969603
2021-03-25,1581.399216854899
2021-03-26,1617.6729627798668
2021-03-29,1620.9216317547618
2021-03-30,1608.2860435439572
2021-03-31,1608.2860435439572
2021-04-01,1624.2296318152582
2021-04-05,1643.152058194562
2021-04-06,1640.2941876567668
2021-04-07,1645.3331118536091
2021-04-08,1653.959518895324
2021-04-09,1672.11646977901
2021-04-12,1672.9097441514432
2021-04-13,1674.7921627461174
2021-04-14,1669.8522574862277
2021-04-15,1689.282437298445
2021-04-16,1695.877022143135
2021-04-19,1687.866384449579
2021-04-20,1671.1586514890118
2021-04-21,1688.8345917637598
2021-04-22,1676.7715360276795
2021-04-23,1694.6279589334158
2021-04-26,1695.475513714783
2021-04-27,1706.4582669769443
2021-04-28,1709.7268807099456
2021-04-29,1724.2262011614546
2021-04-30,1709.8025505863172
2021-05-03,1721.218812153103
2021-05-04,1717.2269248480793
2021-05-05,1725.6886393214263
2021-05-06,1744.0465048463525
2021-05-07,1754.2734163858588
2021-05-10,1741.5650375083615
2021-05-11,1722.5954312401645
2021-05-12,1690.199572691213
2021-05-13,1712.5412008951373
2021-05-14,1736.7483872139935
2021-05-17,1734.968650010027
2021-05-18,1718.3005059672091
2021-05-19,1710.8770010664293
2021-05-20,1724.6537262331215
2021-05-21,1725.9681108335092
2021-05-24,1742.0174318331544
2021-05-25,1737.1280437343237
2021-05-26,1737.07862394651
2021-05-27,1741.1695615024094
2021-05-28,1743.466218228799
2021-06-01,1738.2164959690251
2021-06-02,1741.006055282355
2021-06-03,1737.6352379107693
2021-06-04,1748.5926964495525
2021-06-07,1742.815732391583
2021-06-08,1743.0717436266439
2021-06-09,1735.2582333556904
2021-06-10,1738.2699128263982
2021-06-11,1740.6593789445574
2021-06-14,1739.8072027445003
2021-06-15,1740.3349251663467
2021-06-16,1730.6099894110453
2021-06-17,1726.2899553480572
2021-06-18,1701.2373625605849
2021-06-21,1731.18862291493
2021-06-22,1741.0128744161448
2021-06-23,1738.3771992888812
2021-06-24,1749.8989196888833
2021-06-25,1754.3073891320328
2021-06-28,1754.589633582852
2021-06-29,1756.546727693125
2021-06-30,1756.546727693125
2021-07-01,1765.7739272030212
2021-07-02,1773.740319227119
2021-07-06,1765.5300482672708
2021-07-07,1775.2974983403337
2021-07-08,1760.1519690886287
2021-07-09,1784.3781894499064
2021-07-12,1789.305679254309
2021-07-13,1784.2599820228531
2021-07-14,1785.3781014776343
2021-07-15,1787.8737874929175
2021-07-16,1773.270743286625
2021-07-19,1742.5171200158309
2021-07-20,1768.1787252438946
2021-07-21,1786.62348510614
2021-07-22,1787.733513143438
2021-07-23,1807.5975529625493
2021-07-26,1812.2359226466158
2021-07-27,1811.2712050847308
2021-07-28,1801.1466452825348
2021-07-29,1812.6399138623926
2021-07-30,1809.197155518366
2021-08-02,1803.1059676633172
2021-08-03,1814.4024625082825
2021-08-04,1803.1317943746171
2021-08-05,1813.9250033612907
2021-08-06,1821.1054909854242
2021-08-09,1817.6986142395788
2021-08-10,1824.2452334437035
2021-08-11,1834.2005309251651
2021-08-12,1836.217913224484
2021-08-13,1839.384399583543
2021-08-16,1849.425673763084
2021-08-17,1837.7568115417673
2021-08-18,1813.924468867134
2021-08-19,1814.7253061782465
2021-08-20,1824.2894863549297
2021-08-23,1832.951672169929
2021-08-24,1833.8392284093832
2021-08-25,1840.5556208415198
2021-08-26,1831.178438448459
2021-08-27,1847.4356176064116
2021-08-30,1851.343582082339
2021-08-31,1850.5823207268309
2021-09-01,1849.1674432485609
2021-09-02,1857.9782474236351
2021-09-03,1855.246382472306
2021-09-07,1844.3708025044148
2021-09-08,1844.0234891893294
2021-09-09,1840.9432437749656
2021-09-10,1834.4070995917905
2021-09-13,1842.147111303496
2021-09-14,1832.3425838447624
2021-09-15,1844.4580703684346
2021-09-16,1838.4309917645194
2021-09-17,1826.8182694363438
2021-09-20,1797.540537231005
2021-09-21,1798.3076720627937
2021-09-22,1814.7829830170392
2021-09-23,1838.6503777336939
2021-09-24,1845.0583488299458
2021-09-27,1844.6156871503547
2021-09-28,1808.177534676947
2021-09-29,1811.093335371193
2021-09-30,1811.093335371193
2021-10-01,1832.3959130970338
2021-10-04,1809.3127267970353
2021-10-05,1830.2306069085357
2021-10-06,1835.2630663079647
2021-10-07,1848.3063421493864
2021-10-08,1848.8136076172075
2021-10-11,1834.6168705233424
2021-10-12,1825.5209595383292
2021-10-13,1832.8535757529264
2021-10-14,1866.8236749916616
2021-10-15,1881.7741605323242
2021-10-18,1886.6199767689354
2021-10-19,1901.1775127860872
2021-10-20,1911.9637340005381
2021-10-21,1907.613976270275
2021-10-22,1914.1371322086163
2021-10-25,1917.0087839999521
2021-10-26,1925.2855540698304
2021-10-27,1916.3182377422265
2021-10-28,1929.9328638798986
2021-10-29,1934.3370669721487
2021-11-01,1929.8157735043976
2021-11-02,1945.3470118713985
2021-11-03,1957.1264800838908
2021-11-04,1965.559921808283
2021-11-05,1973.2840720638012
2021-11-08,1975.7458640160303
2021-11-09,1974.4013803298021
2021-11-10,1961.5490982844617
2021-11-11,1964.0559569348482
2021-11-12,1977.1255208586088
2021-11-15,1977.0958599542666
2021-11-16,1984.05406947221
2021-11-17,1980.5117553245248
2021-11-18,1976.931963244405
2021-11-19,1977.4166692602503
2021-11-22,1971.7939275690273
2021-11-23,1983.5146351998567
2021-11-24,1985.4884781288724
2021-11-26,1944.9278370894526
2021-11-29,1973.376925594775
2021-11-30,1933.9123851991951
2021-12-01,1925.1246851425028
2021-12-02,1946.1592405796105
2021-12-03,1938.6066468270874
2021-12-06,1958.690266728944
2021-12-07,1998.6023394316808
2021-12-08,2000.9667880757368
2021-12-09,1997.1720081859144
2021-12-10,2027.549135115911
2021-12-13,2016.8299869085395
2021-12-14,1997.5971195202408
2021-12-15,2036.781994473197
2021-12-16,2033.4502328012932
2021-12-17,2007.974868180518
2021-12-20,1989.4346232409741
2021-12-21,2014.338215467164
2021-12-22,2034.4759559482025
2021-12-23,2047.3558778319264
2021-12-27,2078.356578362517
2021-12-28,2077.374809390164
2021-12-29,2082.393971422234
2021-12-30,2077.349391245105
2021-12-31,2077.349391245105
2022-01-03,2078.19093797483
2022-01-04,2085.0239599272586
2022-01-05,2060.0393743416003
2022-01-06,2054.2974941384227
2022-01-07,2046.8964374183356
2022-01-10,2045.2549248981964
2022-01-11,2059.585190057715
2022-01-12,2060.324843045924
2022-01-13,2031.3889245546854
2022-01-14,2017.1569985878612
2022-01-18,1981.906937036585
2022-01-19,1966.5740746901831
2022-01-20,1948.3318963390684
2022-01-21,1926.8594453997318
2022-01-24,1929.730448548998
2022-01-25,1923.1742838247392
2022-01-26,1919.0579039870192
2022-01-27,1915.4294583893488
2022-01-28,1953.165059473988
2022-01-31,1980.7603860003421
2022-02-01,2005.5233450603002
2022-02-02,2027.8572726492655
2022-02-03,1986.3918085552446
2022-02-04,1986.2328849010307
2022-02-07,1983.5545851865993
2022-02-08,1993.4339051524419
2022-02-09,2013.2253940665437
2022-02-10,1979.8295591363571
2022-02-11,1950.54497144137
2022-02-14,1936.861943509354
2022-02-15,1957.6116555270835
2022-02-16,1958.5743837739826
2022-02-17,1930.3900092953804
2022-02-18,1923.1135348167436
2022-02-22,1906.527429193481
2022-02-23,1885.1797347752138
2022-02-24,1896.829515958955
2022-02-25,1944.535403580434
2022-02-28,1939.5977262687838
2022-03-01,1914.1489052442048
2022-03-02,1947.0397413368264
2022-03-03,1947.3587476755667
2022-03-04,1938.3509201576471
2022-03-07,1900.155734168388
2022-03-08,1888.7316528828846
2022-03-09,1926.6675285873496
2022-03-10,1923.1744837603633
2022-03-11,1907.1961944597338
2022-03-14,1906.982901419739
2022-03-15,1935.3743772549765
2022-03-16,1966.2245527248901
2022-03-17,1993.2271176265274
2022-03-18,2007.23375665649
2022-03-21,2009.835387249921
2022-03-22,2025.127342548504
2022-03-23,1999.1877644512786
2022-03-24,2022.5684753551475
2022-03-25,2034.5781494456621
2022-03-28,2040.7697456539763
2022-03-29,2055.740358927317
2022-03-30,2055.532898017565
2022-03-31,2055.532898017565
2022-04-01,2068.205465641472
2022-04-04,2066.377924995267
2022-04-05,2057.9061645263178
2022-04-06,2070.0016346845005
2022-04-07,2091.4414033009302
2022-04-08,2097.1689566061204
2022-04-11,2067.9871662045516
2022-04-12,2058.7660327208323
2022-04-13,2065.745382835399
2022-04-14,2054.965167901755
2022-04-18,2051.1421456942135
2022-04-19,2072.2673517603084
2022-04-20,2089.2514574013
2022-04-21,2070.1927718381507
2022-04-22,2020.3743102002422
2022-04-25,2031.805373165897
2022-04-26,1992.5550993179065
2022-04-27,1993.3867758501274
2022-04-28,2040.461702548626
2022-04-29,1978.9536873062193
2022-05-02,1974.4275213294586
2022-05-03,1979.4270368387217
2022-05-04,2033.0133395201115
2022-05-05,1984.1202033599982
2022-05-06,1983.3606970583858
2022-05-09,1947.1597734853085
2022-05-10,1948.941604887072
2022-05-11,1936.2526046656217
2022-05-12,1938.0336435916565
2022-05-13,1965.962192122752
2022-05-16,1972.8512052438437
2022-05-17,1992.9902478504687
2022-05-18,1912.886243954644
2022-05-19,1887.2112903980449
2022-05-20,1900.7875459120855
2022-05-23,1931.7198103363075
2022-05-24,1942.4685428555133
2022-05-25,1949.3464799182163
2022-05-26,1973.537527918889
2022-05-27,2010.483125295656
2022-05-31,1987.6307382846226
2022-06-01,1972.3725927635119
2022-06-02,1992.1396180250586
2022-06-03,1973.2990112295852
2022-06-06,1974.5574135267916
2022-06-07,1997.1188627036356
2022-06-08,1978.9992106776915
2022-06-09,1939.5250250888682
2022-06-10,1902.0731545901567
2022-06-13,1853.115643886123
2022-06-14,1838.8526392172491
2022-06-15,1853.5151529787372
2022-06-16,1821.1977916583269
2022-06-17,1814.988902036899
2022-06-21,1865.334167633209
2022-06-22,1872.842182374581
2022-06-23,1894.781652442992
2022-06-24,1937.319142937904
2022-06-27,1936.7966669866526
2022-06-28,1906.8896740497569
2022-06-29,1913.0148069851848
2022-06-30,1913.0148069851848
2022-07-01,1933.7873021593832
2022-07-05,1914.6681792932297
2022-07-06,1917.9284026965558
2022-07-07,1933.3990924083519
2022-07-08,1936.3446804063424
2022-07-11,1929.8888296119558
2022-07-12,1913.6850324326597
2022-07-13,1905.4833975927672
2022-07-14,1902.4295601658637
2022-07-15,1929.5475992807653
2022-07-18,1903.7278053812224
2022-07-19,1937.4878531652676
2022-07-20,1929.5024973753555
2022-07-21,1943.9512099698497
2022-07-22,1944.6118165398082
2022-07-25,1955.6558064628725
2022-07-26,1951.7614253717825
2022-07-27,1973.0030570185586
2022-07-28,1993.319054161316
2022-07-29,2001.9916864166323
2022-08-01,1997.393601620515
2022-08-02,1982.083940598196
2022-08-03,1997.2467666981815
2022-08-04,1986.9590578848242
2022-08-05,1984.9539138113737
2022-08-08,1981.4783630458803
2022-08-09,1982.372337582161
2022-08-10,2007.7731225490572
2022-08-11,2003.1290788574101
2022-08-12,2026.3199856734104
2022-08-15,2037.8233014834102
2022-08-16,2042.3857561141845
2022-08-17,2037.121163083004
2022-08-18,2043.511955909194
2022-08-19,2033.8498866628886
2022-08-22,2000.8716276076818
2022-08-23,1992.994206731059
2022-08-24,1995.6872433183635
2022-08-25,2017.1366134512502
2022-08-26,1963.4321102602364
2022-08-29,1952.042022093856
2022-08-30,1932.6679608609363
2022-08-31,1916.7416525705723
2022-09-01,1929.7002750218753
2022-09-02,1907.2450196129853
2022-09-06,1904.7634355358987
2022-09-07,1929.3743223479778
2022-09-08,1938.7383352053866
2022-09-09,1958.9523947142036
2022-09-12,1972.4888478801647
2022-09-13,1903.835957347987
2022-09-14,1916.4268424352806
2022-09-15,1899.134452512861
2022-09-16,1899.140025993467
2022-09-19,1905.539110574313
2022-09-20,1890.7626703786314
2022-09-21,1864.0249679905742
2022-09-22,1865.4824976266125
2022-09-23,1839.0756289111796
2022-09-26,1822.355419148018
2022-09-27,1811.8706323970791
2022-09-28,1840.7926998343232
2022-09-29,1815.522985538913
2022-09-30,1815.522985538913
2022-10-03,1855.2448121146765
2022-10-04,1900.7633891817052
2022-10-05,1901.6191611711404
2022-10-06,1878.012464318953
2022-10-07,1844.1345616145093
2022-10-10,1836.7108555361478
2022-10-11,1845.08948706027
2022-10-12,1842.3850842215124
2022-10-13,1888.5154264019493
2022-10-14,1859.9443079465989
2022-10-17,1888.7713782666897
2022-10-18,1907.5239506903579
2022-10-19,1898.9170130854998
2022-10-20,1885.995527192166
2022-10-21,1928.616188666163
2022-10-24,1958.6366021428512
2022-10-25,1974.5220305739615
2022-10-26,1987.3542887777103
2022-10-27,1991.2224764687828
2022-10-28,2045.7710496677778
2022-10-31,2033.843702860822
2022-11-01,2032.0098265630336
2022-11-02,1998.810974427538
2022-11-03,1990.0192018468608
2022-11-04,2015.0710747412966
2022-11-07,2038.9903753647638
2022-11-08,2055.408235409262
2022-11-09,2027.74292141889
2022-11-10,2091.512374414779
2022-11-11,2087.8159718998013
2022-11-14,2084.2519704246865
2022-11-15,2097.1119799530643
2022-11-16,2095.0111660745742
2022-11-17,2100.286220082783
2022-11-18,2117.1334134576077
2022-11-21,2122.46425731919
2022-11-22,2145.4764054294897
2022-11-23,2151.1955356668927
2022-11-25,2154.2580616949863
2022-11-28,2132.5798708569505
2022-11-29,2129.167996599052
2022-11-30,2176.499874093991
2022-12-01,2177.1201700021334
2022-12-02,2180.1815957857602
2022-12-05,2156.4879602371284
2022-12-06,2134.9917342405597
2022-12-07,2138.6725123423903
2022-12-08,2154.3267452658974
2022-12-09,2132.2859410970495
2022-12-12,2160.8525206781765
2022-12-13,2168.106700063889
2022-12-14,2165.8140963781866
2022-12-15,2122.1294720106325
2022-12-16,2105.085181571921
2022-12-19,2098.4102102719307
2022-12-20,2100.9083284069347
2022-12-21,2127.344548324374
2022-12-22,2110.526002453432
2022-12-23,2122.8425532698357
2022-12-27,2127.1614233073756
2022-12-28,2104.6467312850054
2022-12-29,2123.4765179406404
2022-12-30,2123.4765179406404
2023-01-03,2116.369328150822
2023-01-04,2125.753392141881
2023-01-05,2109.100829913105
2023-01-06,2158.124602654027
2023-01-09,2135.8363157202707
2023-01-10,2141.962108614836
2023-01-11,2151.4696867061666
2023-01-12,2148.814129107366
2023-01-13,2153.1542539587795
2023-01-17,2139.727704502678
2023-01-18,2093.977340063219
2023-01-19,2083.12083669593
2023-01-20,2096.494975400346
2023-01-23,2103.6302817881356
2023-01-24,2112.7814431860356
2023-01-25,2111.5529632384632
2023-01-26,2113.712793212191
2023-01-27,2110.4970460040076
2023-01-30,2097.851166837786
2023-01-31,2117.2818119529484
2023-02-01,2117.2072737243852
2023-02-02,2101.5696582893684
2023-02-03,2098.083508928072
2023-02-06,2100.344438046373
2023-02-07,2110.281247599654
2023-02-08,2095.3467883125195
2023-02-09,2089.488684761625
2023-02-10,2111.0483883444263
2023-02-13,2130.213329396692
2023-02-14,2117.358802600324
2023-02-15,2113.406069068825
2023-02-16,2090.8317280157894
2023-02-17,2104.853736838095
2023-02-21,2082.659893717665
2023-02-22,2076.0752103621453
2023-02-23,2078.885669912183
2023-02-24,2069.072090997736
2023-02-27,2069.3434081663213
2023-02-28,2053.7488618947154
2023-03-01,2052.4336120649705
2023-03-02,2068.9388162524388
2023-03-03,2086.75249211996
2023-03-06,2097.241659632811
2023-03-07,2068.6292955103154
2023-03-08,2064.5861193830183
2023-03-09,2040.1214044876483
2023-03-10,2026.205608478338
2023-03-13,2026.6484312544148
2023-03-14,2046.8220737434515
2023-03-15,2033.15884369504
2023-03-16,2045.5165708356199
2023-03-17,2021.3008979080787
2023-03-20,2051.2011111011357
2023-03-21,2062.4617115298042
2023-03-22,2037.9264879116788
2023-03-23,2038.5340942730716
2023-03-24,2056.295793922687
2023-03-27,2069.7834615172364
2023-03-28,2070.8429239850425
2023-03-29,2086.2811571585603
2023-03-30,2092.6995895952596
2023-03-31,2092.6995895952596
2023-04-03,2115.0361707890515
2023-04-04,2103.6932277946526
2023-04-05,2116.3203943997873
2023-04-06,2113.978230989025
2023-04-10,2116.072931807447
2023-04-11,2120.833728376797
2023-04-12,2120.565297492493
2023-04-13,2141.3248612553843
2023-04-14,2141.5117772659796
2023-04-17,2146.491058420885
2023-04-18,2149.6763328797556
2023-04-19,2144.8778113480503
2023-04-20,2141.4867893344763
2023-04-21,2151.511286120386
2023-04-24,2158.6142313465994
2023-04-25,2145.0011442464724
2023-04-26,2118.627349185329
2023-04-27,2136.4969651848523
2023-04-28,2156.269197160863
2023-05-01,2159.756190928031
2023-05-02,2136.6352179696505
2023-05-03,2118.687409628902
2023-05-04,2106.8157950824307
2023-05-05,2133.936625796114
2023-05-08,2131.0026365504755
2023-05-09,2124.738538812765
2023-05-10,2123.2113977023732
2023-05-11,2118.0709490959593
2023-05-12,2121.541779287286
2023-05-15,2123.7627060901546
2023-05-16,2103.8340313089006
2023-05-17,2118.8875928638504
2023-05-18,2125.0749435501193
2023-05-19,2126.3649348063695
2023-05-22,2106.913274352974
2023-05-23,2090.880872117476
2023-05-24,2076.5019357574442
2023-05-25,2072.495158105475
2023-05-26,2088.529582615601
2023-05-30,2073.3563648820837
2023-05-31,2069.4597288358837
2023-06-01,2081.4303111989966
2023-06-02,2119.150430285986
2023-06-05,2111.165277522619
2023-06-06,2105.8614625203954
2023-06-07,2109.6104278762373
2023-06-08,2120.841687221155
2023-06-09,2121.751958398768
2023-06-12,2131.099579989448
2023-06-13,2140.7527556962727
2023-06-14,2138.0632042906727
2023-06-15,2161.015107482687
2023-06-16,2157.0801230612446
2023-06-20,2143.2902804290493
2023-06-21,2145.351537080735
2023-06-22,2146.8314422090198
2023-06-23,2132.130856165695
2023-06-26,2131.2650467659137
2023-06-27,2143.6341707964543
2023-06-28,2135.7713750117573
2023-06-29,2154.986494626232
2023-06-30,2154.986494626232
2023-07-03,2155.959853224536
2023-07-05,2150.9445105948034
2023-07-06,2130.033547039762
2023-07-07,2113.0438355969454
2023-07-10,2128.2834072509063
2023-07-11,2136.6917552347422
2023-07-12,2150.057246807793
2023-07-13,2157.872949809499
2023-07-14,2156.8413744410727
2023-07-17,2161.9572487270975
2023-07-18,2168.2693146494244
2023-07-19,2173.632571784823
2023-07-20,2184.6778220040624
2023-07-21,2190.098951008651
2023-07-24,2198.3100246974072
2023-07-25,2197.961917917208
2023-07-26,2193.2100661996164
2023-07-27,2173.9972647214317
2023-07-28,2188.166367119405
2023-07-31,2193.511614626896
2023-08-01,2192.9308340838866
2023-08-02,2177.1047450311785
2023-08-03,2177.5945016753603
2023-08-04,2164.884708506483
2023-08-07,2189.4711980891657
2023-08-08,2185.96622762503
2023-08-09,2179.939447731627
2023-08-10,2181.917762326519
2023-08-11,2189.8886948640343
2023-08-14,2194.0510803030147
2023-08-15,2170.469336861273
2023-08-16,2158.7939722932783
2023-08-17,2145.5051035299375
2023-08-18,2147.0353687059223
2023-08-21,2147.7428818862445
2023-08-22,2141.6106348777616
2023-08-23,2162.5036828984466
2023-08-24,2142.272788654619
2023-08-25,2159.285394074676
2023-08-28,2168.983397745189
2023-08-29,2189.1019215923275
2023-08-30,2194.229711263275
2023-08-31,2191.7935034890634
2023-09-01,2199.1516028730975
2023-09-05,2183.0899392218903
2023-09-06,2176.8196972198725
2023-09-07,2181.995673088182
2023-09-08,2190.598331435607
2023-09-11,2202.9551801479693
2023-09-12,2201.5825587404993
2023-09-13,2204.8290209922466
2023-09-14,2222.067037227385
2023-09-15,2200.063788435219
2023-09-18,2203.696040631217
2023-09-19,2199.7384618213637
2023-09-20,2183.827613952328
2023-09-21,2147.8784942428783
2023-09-22,2145.0681688662567
2023-09-25,2147.7486970260106
2023-09-26,2125.0655623846487
2023-09-27,2123.875822365058
2023-09-28,2127.419598958942
2023-09-29,2127.419598958942
2023-10-02,2122.3649524319703
2023-10-03,2096.2378924781024
2023-10-04,2110.9789436162455
2023-10-05,2105.033349390764
2023-10-06,2115.9522488620473
2023-10-09,2124.0140460103544
2023-10-10,2136.069671085328
2023-10-11,2135.632304622779
2023-10-12,2124.9783514707656
2023-10-13,2123.40876721729
2023-10-16,2144.62666876204
2023-10-17,2149.362366761264
2023-10-18,2131.782926113964
2023-10-19,2116.4736936571044
2023-10-20,2098.869729920409
2023-10-23,2091.515386931934
2023-10-24,2102.5609051351776
2023-10-25,2086.3834801815897
2023-10-26,2070.5551018946167
2023-10-27,2047.0480090144104
2023-10-30,2076.094800666288
2023-10-31,2084.310733177279
2023-11-01,2098.6772791232543
2023-11-02,2141.032668279767
2023-11-03,2156.4708197454233
2023-11-06,2157.8220543212374
2023-11-07,2159.1776161761736
2023-11-08,2159.4918727837016
2023-11-09,2142.9689576297687
2023-11-10,2172.8682621248768
2023-11-13,2170.7834460093864
2023-11-14,2203.6704530256416
2023-11-15,2214.1654353591343
2023-11-16,2206.5652529949816
2023-11-17,2210.50535742714
2023-11-20,2221.1975020132013
2023-11-21,2216.6561573256145
2023-11-22,2226.6479833358403
2023-11-24,2230.9179799853864
2023-11-27,2223.999370614061
2023-11-28,2227.6226419820264
2023-11-29,2225.33122592538
2023-11-30,2236.41221792669
2023-12-01,2247.199832350098
2023-12-04,2240.106675751895
2023-12-05,2232.337802527367
2023-12-06,2223.5685993805005
2023-12-07,2230.2120253563107
2023-12-08,2236.3101683764585
2023-12-11,2256.348481126868
2023-12-12,2273.717594190098
2023-12-13,2299.45995101108
2023-12-14,2302.397088448003
2023-12-15,2302.778586826858
2023-12-18,2312.5196316275
2023-12-19,2325.612533437876
2023-12-20,2295.3086283833877
2023-12-21,2314.3225784536257
2023-12-22,2323.378877407308
2023-12-26,2330.0117984580547
2023-12-27,2336.5749477605646
2023-12-28,2339.47939297972
2023-12-29,2339.47939297972
